,Yield,Yield_err
2.12251,2.55724056e-14,1.9672079400000002e-15
2.1229899999999997,4.7661903e-14,2.862774e-15
2.12351,1.1652787799999997e-13,4.48545582e-15
2.1238200000000003,8.05826826e-14,4.0789803600000006e-15
2.1745,9.776188980000001e-14,5.2103448e-15
2.17487,9.10323684e-14,2.7150856199999993e-15
2.17503,2.8257517800000004e-13,7.28688924e-15
2.17542,9.36010152e-14,6.15193632e-15
2.1760300000000004,4.63511466e-14,2.31301566e-15
2.1974099999999996,2.04822108e-14,1.81876662e-15
2.19899,7.53098598e-14,5.705330760000001e-15
2.19979,1.462533084e-14,1.73972394e-15
2.32548,1.8864351e-14,1.63815714e-15
2.32655,3.0546615600000003e-14,2.5438638599999996e-15
2.32902,1.1234761920000001e-14,1.9750417200000003e-15
2.33397,8.176752179999999e-15,2.2408776e-15
2.3417800000000004,4.5382737599999996e-15,9.6140025e-16
2.35466,1.9179144e-14,2.06054046e-15
2.35519,1.87805664e-14,1.9006128000000002e-15
2.35573,1.62936216e-14,1.686906e-15
2.35643,2.41543152e-14,2.44711908e-15
2.3569400000000003,2.53928214e-14,2.2590603e-15
2.35743,2.5569521999999996e-14,2.2790853e-15
2.3577399999999997,2.2570578000000002e-14,2.2188981599999998e-15
2.35832,2.36982258e-14,1.80026352e-15
2.35881,2.51070246e-14,2.5779223800000003e-15
2.35923,2.2362798600000003e-14,2.6759167199999997e-15
2.35994,1.8275135399999997e-14,1.89854622e-15
2.36047,2.16048924e-14,1.68126696e-15
2.36102,1.89992394e-14,1.5950953799999999e-15
2.36149,1.8637988400000002e-14,1.515105918e-15
2.362,2.1316211999999998e-14,1.5874073820000002e-15
2.36253,2.03679882e-14,1.476158094e-15
2.36287,2.0359978200000002e-14,1.75758624e-15
2.36336,2.17586844e-14,1.6515018e-15
2.364,2.01678984e-14,1.68886044e-15
2.3644499999999997,2.43090684e-14,1.7153415000000001e-15
2.36492,2.5670447999999998e-14,1.7396438400000001e-15
2.3654499999999996,2.93880492e-14,1.96592634e-15
2.366,3.24275238e-14,2.15611578e-15
2.3664899999999998,3.5689356000000006e-14,1.99332054e-15
2.3669000000000002,3.48566364e-14,2.1141754199999996e-15
2.3674299999999997,3.8130003000000003e-14,2.2058738999999998e-15
2.3679200000000002,4.3006491e-14,2.26268082e-15
2.36852,5.1320871e-14,2.50389396e-15
2.36926,4.14738576e-14,2.28531708e-15
2.36956,4.08143142e-14,2.19387492e-15
2.36988,4.2940488600000005e-14,2.3516559e-15
2.3706,4.1237402400000003e-14,2.642114519999999e-15
2.3709499999999997,3.98374146e-14,2.20608216e-15
2.37152,3.6346176e-14,2.2261231799999998e-15
2.37199,3.4508682e-14,2.08931238e-15
2.37229,2.81384892e-14,2.4467826600000002e-15
2.3724600000000002,3.2111929799999995e-14,2.0514411e-15
2.3729699999999996,2.89388484e-14,2.54897424e-15
2.37412,1.8233964e-14,1.6528635e-15
2.37502,1.74267162e-14,1.579818708e-15
2.3759200000000003,1.22940684e-14,1.355122188e-15
2.37792,1.1824089660000001e-14,1.659672e-15
2.38596,1.556572086e-14,1.5876236520000001e-15
2.40175,8.170520400000001e-15,1.181965212e-15
2.42377,7.12965294e-15,8.366589179999999e-16
2.42649,8.94728214e-15,9.34025274e-16
2.42994,1.80944298e-14,1.445141772e-15
2.43091,2.3283468e-14,2.50954902e-15
2.43188,2.62957086e-14,1.1944512e-15
2.43266,3.34763532e-14,2.6666091e-15
2.43383,5.07592098e-14,2.08570788e-15
2.43491,6.8319693e-14,3.0764007e-15
2.43521,8.0528535e-14,2.837943e-15
2.43599,9.67242744e-14,3.84942978e-15
2.43698,1.2517355160000002e-13,3.56033286e-15
2.43752,1.395772938e-13,3.71321172e-15
2.43795,1.23873048e-13,3.51818424e-15
2.43804,1.545334056e-13,3.85348284e-15
2.43877,1.269982296e-13,3.37666356e-15
2.43888,1.6354017e-13,3.9279438e-15
2.4392300000000002,1.6451098199999999e-13,3.74358564e-15
2.43964,1.51103043e-13,3.6181971e-15
2.43981,1.087287012e-13,2.37491694e-15
2.4400500000000003,1.464569226e-13,3.69145656e-15
2.44087,8.37680994e-14,2.52590544e-15
2.44094,1.22090022e-13,3.4499230199999997e-15
2.44185,6.889705380000001e-14,2.58790284e-15
2.44198,8.782388279999999e-14,2.99972898e-15
2.44289,6.89904504e-14,2.6266872599999998e-15
2.4437699999999998,4.02915816e-14,1.919997e-15
2.4439699999999998,5.13173466e-14,2.3418036e-15
2.44579,3.7007001e-14,2.2544945999999996e-15
2.4478899999999997,2.37483684e-14,1.8180777599999998e-15
2.45177,1.078881318e-14,1.278424836e-15
2.4674,1.1744790659999999e-13,4.00730688e-15
2.46781,5.4029853e-14,2.29584222e-15
2.4679699999999998,8.29477152e-14,3.76987446e-15
2.46845,5.2884423e-14,3.14325216e-15
2.46888,4.3037409600000005e-14,3.0700567800000002e-15
2.46936,5.9367717e-14,3.31769394e-15
2.46979,6.53563134e-14,2.9125962e-15
2.4698200000000003,7.23822048e-14,3.4620821999999996e-15
2.47056,9.5222079e-14,3.75231654e-15
2.47097,1.083743388e-13,4.174235280000001e-15
2.47127,1.217875644e-13,4.37611932e-15
2.47177,1.258768296e-13,4.22899164e-15
2.47188,8.3689281e-14,3.11143644e-15
2.4724299999999997,9.27200754e-14,3.1831099199999998e-15
2.4737600000000004,5.4755558999999996e-14,3.36013092e-15
2.47378,3.56791032e-14,1.464945696e-15
2.4748,3.43729926e-14,3.04512966e-15
2.4758899999999997,2.26135116e-14,2.1627640799999997e-15
2.47777,1.494694836e-14,1.14615891e-15
2.47986,1.6204230000000002e-14,1.337162166e-15
2.48095,1.63479294e-14,1.112145246e-15
2.48197,3.13921512e-14,1.3590502919999999e-15
2.48243,5.0546464199999996e-14,1.8757016999999998e-15
2.4825,3.81279204e-14,3.00993372e-15
2.48289,1.053061884e-13,3.40373736e-15
2.483,7.38316944e-14,3.69536544e-15
2.48344,1.60850412e-13,5.22295254e-15
2.48348,4.63662054e-13,8.85928428e-15
2.48392,8.615796300000001e-13,1.0803247200000001e-14
2.48392,5.0050485e-13,9.29586132e-15
2.48448,4.4217603e-13,9.26825886e-15
2.4845,1.033398936e-12,1.249268436e-14
2.48496,2.1397273199999998e-13,5.1205527e-15
2.48496,5.1343299e-13,8.36719794e-15
2.48551,1.148803812e-13,2.56723704e-15
2.4857,1.75617648e-13,5.41666638e-15
2.48597,7.19975646e-14,2.16912402e-15
2.48643,4.866876e-14,1.566333072e-15
2.4868,7.63503588e-14,3.57901218e-15
2.4868200000000003,4.0120808399999997e-14,1.26979326e-15
2.4874699999999996,2.6614666800000002e-14,1.14563025e-15
2.48791,2.3447032199999998e-14,1.173583548e-15
2.48802,3.4264537199999995e-14,2.73129786e-15
2.489,1.485196578e-14,1.0974629159999999e-15
2.48992,1.234097496e-14,8.43956028e-16
2.4909499999999998,6.5977408800000004e-15,8.43312024e-16
2.4918400000000003,6.75116442e-15,8.81787258e-16
2.49276,6.978536280000001e-15,9.69421464e-16
2.49932,4.93521732e-15,7.27215084e-16
2.51302,1.5321175559999998e-13,5.42911392e-15
2.55898,3.2342617800000006e-14,2.87115246e-15
2.5609499999999996,4.7119305600000004e-14,2.81995254e-15
2.5629899999999997,6.501941279999999e-14,4.2286552200000004e-15
2.56494,1.066408146e-13,3.98263608e-15
2.56691,1.72846188e-13,4.51392336e-15
2.56898,2.07492642e-13,4.6381104e-15
2.5709299999999997,1.7642505599999997e-13,4.88988072e-15
2.5729699999999998,1.323333702e-13,3.9572604e-15
2.5749299999999997,1.0112112359999999e-13,3.3847056e-15
2.57677,8.34419322e-14,3.50474346e-15
2.57895,7.5823461e-14,3.1905432e-15
2.58082,6.97172778e-14,3.27134808e-15
2.58298,6.1737075e-14,3.02827662e-15
2.58498,5.6397609e-14,3.1637898e-15
2.58683,5.3438875200000004e-14,2.8509192000000003e-15
2.5889699999999998,5.18974308e-14,2.7457639199999996e-15
2.59077,4.85338716e-14,2.7131472e-15
2.59302,3.8153232000000005e-14,2.7552637800000002e-15
2.59498,4.69607076e-14,2.92546026e-15
2.59681,3.85739172e-14,2.38629114e-15
2.5978000000000003,3.96800982e-14,2.6666892e-15
2.59911,3.8749176e-14,2.6704539e-15
2.59998,7.07584176e-14,3.2767307999999998e-15
2.60208,7.01136126e-14,3.28504518e-15
2.60367,3.45762864e-14,2.55514194e-15
2.60577,2.4194685599999998e-14,2.3510471400000003e-15
2.60988,3.2553120600000004e-14,2.5729882200000003e-15
2.6494,2.19568518e-14,2.3318231400000003e-15
2.6519299999999997,3.1432041e-14,2.39559876e-15
2.65393,2.85939378e-14,2.39096898e-15
2.6557399999999998,2.81769372e-14,2.699946719999999e-15
2.65757,4.14298026e-14,2.2658047199999998e-15
2.6598200000000003,5.461698600000001e-14,2.7184177800000005e-15
2.6616500000000003,6.78504672e-14,2.92238442e-15
2.66391,7.906510800000001e-14,3.675933180000001e-15
2.66615,9.4989789e-14,3.61230174e-15
2.6680300000000003,9.45248886e-14,3.5810307e-15
2.6701799999999998,9.014213700000001e-14,2.793888e-15
2.6715999999999998,7.983711180000001e-14,2.66590422e-15
2.67382,7.33124862e-14,2.7425439e-15
2.67568,5.56936902e-14,2.7631296e-15
2.67792,4.1949171e-14,2.6822285999999997e-15
2.6847,2.71454094e-14,1.80950706e-15
2.68965,2.8674198e-14,2.2205962799999997e-15
2.69471,2.86480854e-14,1.9085427e-15
2.69985,3.23184276e-14,2.2478463e-15
2.70295,3.19312242e-14,2.7077004e-15
2.7039,4.41250074e-14,2.52620982e-15
2.705,4.62101706e-14,3.3799636800000007e-15
2.70591,7.38635742e-14,4.1209848e-15
2.70652,8.77700556e-14,4.65664554e-15
2.707,1.047674358e-13,5.0712111e-15
2.70737,1.501299882e-13,4.33222452e-15
2.70759,1.5380001e-13,5.75191692e-15
2.70791,2.1045794400000004e-13,6.44074488e-15
2.70837,3.45669948e-13,8.30310192e-15
2.7084099999999998,4.1369086800000005e-13,8.024033520000001e-15
2.70853,4.90998582e-13,1.016065296e-14
2.70871,6.182935019999998e-13,1.1365613279999999e-14
2.70889,6.66739584e-13,1.149848316e-14
2.70892,6.15687048e-13,8.7667047e-15
2.70926,6.97549248e-13,1.2898422899999999e-14
2.70953,6.13106226e-13,1.283373414e-14
2.70955,6.1366212e-13,1.470631194e-14
2.70994,4.61931894e-13,7.278174360000002e-15
2.71003,4.4141668200000003e-13,1.1250813960000001e-14
2.7104899999999996,3.2262678e-13,7.96943736e-15
2.71099,2.42515566e-13,8.24136084e-15
2.71142,1.97949528e-13,7.49176902e-15
2.71186,1.6682427e-13,6.3046069199999995e-15
2.71192,1.473306534e-13,7.68878298e-15
2.7123600000000003,1.325268918e-13,7.52105358e-15
2.7130199999999998,1.169469612e-13,5.4038664e-15
2.71348,1.092794688e-13,5.90546862e-15
2.71393,1.020414726e-13,4.49550036e-15
2.71393,1.191152682e-13,6.1711122600000006e-15
2.71452,1.1563155899999999e-13,5.57270118e-15
2.71484,1.027493964e-13,5.21766594e-15
2.7155500000000004,1.007661204e-13,6.1241736600000004e-15
2.71596,1.034374554e-13,4.92132798e-15
2.71605,9.78594516e-14,5.9437404000000005e-15
2.71649,1.033174656e-13,8.23094784e-15
2.7169899999999996,1.024857072e-13,7.1770401e-15
2.71742,1.069982208e-13,6.86388114e-15
2.71786,1.1255123340000001e-13,5.68396008e-15
2.7179,1.2228850979999999e-13,6.36806214e-15
2.7179499999999996,1.082770974e-13,7.15555728e-15
2.71854,1.08563535e-13,7.26846624e-15
2.71898,1.446000444e-13,6.47650152e-15
2.719,1.0828526759999999e-13,7.8422706e-15
2.7195500000000004,9.45673416e-14,7.41059568e-15
2.71973,1.2907442159999999e-13,5.6215782000000005e-15
2.71987,1.186824078e-13,8.99969958e-15
2.7200900000000003,1.479068928e-13,6.87780252e-15
2.72025,1.45638621e-13,6.7542723e-15
2.7210300000000003,1.7843877e-13,7.297574579999999e-15
2.72197,2.34427068e-13,6.109611480000001e-15
2.72201,2.85737526e-13,8.68024476e-15
2.723,1.96187328e-13,7.20055746e-15
2.72377,1.380196692e-13,4.73355756e-15
2.72402,1.7622801e-13,6.860693160000002e-15
2.7250300000000003,1.65597138e-13,4.71825846e-15
2.72597,1.502829792e-13,6.633048959999999e-15
2.72693,1.527047226e-13,5.64853986e-15
2.72775,1.274538384e-13,5.2619932799999995e-15
2.72805,1.453537854e-13,6.90633414e-15
2.72901,1.5214995e-13,7.23964626e-15
2.73008,1.53234504e-13,6.4303479e-15
2.73104,1.5904800180000001e-13,5.1313181399999995e-15
2.73146,1.402009524e-13,6.41235744e-15
2.73184,1.441540476e-13,5.71215528e-15
2.73191,1.4453147880000002e-13,7.12045746e-15
2.732,1.8283465799999997e-13,7.33237002e-15
2.73253,1.538698572e-13,8.15637474e-15
2.7329,1.67582016e-13,7.804751760000002e-15
2.7334699999999996,2.1074149800000001e-13,9.94534416e-15
2.73388,2.32837884e-13,7.95173526e-15
2.73407,2.8832315400000005e-13,9.090436860000001e-15
2.73423,2.76570882e-13,8.7751953e-15
2.73439,3.00272472e-13,1.145010276e-14
2.73473,4.4421697800000003e-13,1.013426802e-14
2.73484,4.8823353e-13,7.91511354e-15
2.73494,4.1893741800000003e-13,1.1445921539999999e-14
2.735,3.70697994e-13,1.240712154e-14
2.73532,4.75819632e-13,1.249121052e-14
2.73544,6.58431612e-13,1.5191269379999998e-14
2.73548,5.475443760000001e-13,1.2981294359999999e-14
2.73581,7.281041940000001e-13,1.5879600720000003e-14
2.73587,1.0951223939999998e-12,1.8584001e-14
2.7360100000000003,9.049585860000003e-13,1.455086988e-14
2.73622,1.1335639860000002e-12,2.09107458e-14
2.7363600000000003,1.5529003019999999e-12,2.5317206999999998e-14
2.73652,1.48739292e-12,2.69461206e-14
2.7367199999999996,1.7050086e-12,7.739550360000002e-15
2.7369499999999998,1.82776986e-12,8.67526254e-15
2.7369499999999998,1.62862524e-12,1.6858166400000002e-14
2.73739,1.5060065580000001e-12,1.1406656520000001e-14
2.73743,1.183179528e-12,1.049455782e-14
2.73803,6.8535162e-13,6.8094451799999995e-15
2.73835,5.17715136e-13,6.2071732800000004e-15
2.7383699999999997,6.26869008e-13,1.0260842039999999e-14
2.73885,4.3498785600000003e-13,6.81399486e-15
2.73894,3.35436372e-13,5.22570798e-15
2.7391300000000003,2.84428692e-13,4.9944112200000004e-15
2.73931,3.1850002800000003e-13,5.62084128e-15
2.73933,9.46775592e-13,9.20478762e-15
2.73952,2.28046302e-13,3.8670677999999996e-15
2.73981,2.41576794e-13,5.4328465800000005e-15
2.73995,2.16420588e-13,4.1264636400000005e-15
2.7403000000000004,1.84899636e-13,5.9088808800000005e-15
2.74069,1.49051682e-13,4.06207926e-15
2.74078,1.600928262e-13,6.08088762e-15
2.74121,1.317359844e-13,3.79172574e-15
2.7414,1.393112016e-13,4.10610222e-15
2.74167,1.244515302e-13,3.66375798e-15
2.74188,1.1613378599999997e-13,4.74249672e-15
2.74199,1.205756514e-13,3.1562123399999996e-15
2.74234,1.0611183419999999e-13,4.06494684e-15
2.74252,1.095450804e-13,2.896880580000001e-15
2.74252,1.142701794e-13,3.10832856e-15
2.74282,1.1163216600000001e-13,3.66596874e-15
2.74289,1.065413304e-13,2.93395086e-15
2.74323,9.641348639999999e-14,2.5042143599999997e-15
2.74378,8.86908852e-14,2.86303032e-15
2.74532,7.77697308e-14,4.2858786599999996e-15
2.74559,7.672602780000001e-14,4.0013154e-15
2.74594,7.62766668e-14,3.0255211799999997e-15
2.74596,7.87128282e-14,2.7732702599999998e-15
2.7478000000000002,7.46434278e-14,2.7853172999999998e-15
2.74796,7.17873822e-14,4.25486394e-15
2.7498899999999997,7.35290766e-14,3.6000144e-15
2.7498899999999997,7.180628579999999e-14,2.89939572e-15
2.75147,7.25920668e-14,4.24110276e-15
2.75198,7.496078400000001e-14,3.0539246399999997e-15
2.75391,7.34947938e-14,4.72546746e-15
2.75391,8.61526764e-14,3.07004076e-15
2.7557199999999997,8.55839664e-14,4.42714302e-15
2.75781,8.27652474e-14,2.763706319999999e-15
2.75793,8.33174568e-14,3.99436272e-15
2.75848,7.906975380000001e-14,4.30189866e-15
2.75889,8.48765232e-14,4.7403981e-15
2.7592600000000003,8.19437418e-14,3.10600566e-15
2.7603899999999997,7.84337598e-14,3.7713963599999996e-15
2.7608699999999997,7.27867098e-14,4.6434610800000005e-15
2.76138,8.3179845e-14,3.70018746e-15
2.76182,7.428794400000001e-14,2.63727648e-15
2.76193,6.746903099999999e-14,4.07491128e-15
2.76285,6.684729480000001e-14,5.02648326e-15
2.76384,6.751068299999999e-14,2.740925880000001e-15
2.76405,5.62548708e-14,4.195253520000001e-15
2.76582,6.05020932e-14,3.76500438e-15
2.76594,6.15898512e-14,2.70005886e-15
2.76771,5.6588247e-14,2.40426558e-15
2.7696199999999997,4.6166756400000004e-14,1.9672079400000002e-15
2.76985,4.8789871200000004e-14,2.5041663e-15
2.77186,4.1239645200000004e-14,2.46329928e-15
2.77589,3.49346538e-14,2.63495358e-15
2.7837899999999998,2.80311552e-14,2.61419166e-15
2.80191,4.19650308e-14,4.00753116e-15
2.80191,4.53880242e-14,3.03053544e-15
2.80263,6.84219006e-14,2.65606794e-15
2.80346,1.199351718e-13,5.37977232e-15
2.80355,8.0639073e-14,4.858721820000001e-15
2.80448,1.548214452e-13,4.2607593e-15
2.8048,2.6120930400000003e-13,7.6550769e-15
2.80506,3.11657886e-13,8.37391032e-15
2.80527,3.5119364399999997e-13,8.87894082e-15
2.8057800000000004,4.687035480000001e-13,5.9837583599999995e-15
2.8058,4.311975240000001e-13,1.007814996e-14
2.80608,4.77629892e-13,1.006070418e-14
2.80624,4.8919473e-13,1.032126948e-14
2.80647,4.7820501e-13,1.003025016e-14
2.8070500000000003,3.3580643400000003e-13,9.004874039999999e-15
2.80756,2.49288822e-13,7.39407906e-15
2.8076999999999996,1.746981e-13,4.77873396e-15
2.80803,1.83358512e-13,7.20654894e-15
2.80852,1.348845552e-13,6.20776602e-15
2.80905,1.106072064e-13,5.778702360000002e-15
2.8094,1.0201696200000001e-13,6.19698456e-15
2.8094200000000003,9.309478320000001e-14,3.18423132e-15
2.81165,4.52193336e-14,2.8002799800000002e-15
2.83963,3.69438822e-14,2.9454371999999997e-15
2.84037,5.09568966e-14,3.65481882e-15
2.8407199999999997,1.383950178e-13,6.4440449999999996e-15
2.84105,2.44654236e-13,8.163279360000001e-15
2.84133,2.2375134000000002e-13,8.495422019999999e-15
2.84156,1.8944931599999999e-13,8.116597080000002e-15
2.8418,1.1907617939999998e-13,6.92075214e-15
2.8418699999999997,4.98391812e-14,3.0063933e-15
2.86179,2.80523016e-14,1.4911688339999998e-15
2.86983,1.7478460800000002e-13,5.7083104800000006e-15
2.86985,1.05721587e-13,5.90862456e-15
2.87044,8.8988697e-14,6.58471662e-15
2.87079,2.6894376e-13,1.42620453e-14
2.87098,1.81636362e-13,5.91117174e-15
2.8710999999999998,1.4545983780000002e-13,7.17798528e-15
2.87156,1.584525384e-13,7.522959960000001e-15
2.8719200000000003,2.13753258e-13,8.596332e-15
2.8719200000000003,2.37595824e-13,1.24578729e-14
2.87203,1.85513202e-13,8.5228002e-15
2.87225,2.02321386e-13,8.275755780000001e-15
2.8725,2.0325535200000001e-13,9.41828616e-15
2.87281,1.8983860200000001e-13,1.171295892e-14
2.8728800000000003,1.9322523e-13,2.05116876e-14
2.8729699999999996,2.10363426e-13,8.10120186e-15
2.8731799999999996,1.81179792e-13,9.29842452e-15
2.87337,1.68692202e-13,8.84925576e-15
2.87386,1.1879743139999999e-13,6.31325772e-15
2.87398,1.449191628e-13,1.01020518e-14
2.87412,1.545374106e-13,1.0448404199999999e-14
2.87487,1.2544252739999999e-13,9.198684000000001e-15
2.87584,8.66798946e-14,3.89146626e-15
2.8759099999999997,1.448860014e-13,1.281523104e-14
2.87602,1.060519194e-13,2.96155332e-15
2.8769899999999997,6.557674860000001e-14,4.0118725800000006e-15
2.87795,9.90377226e-14,5.8815027e-15
2.87802,1.7306886599999998e-13,7.71825978e-15
2.8788,1.079049528e-13,8.42232276e-15
2.87894,1.087735572e-13,4.67236116e-15
2.87894,1.129334706e-13,7.42378014e-15
2.87999,8.65627884e-14,4.2876568800000005e-15
2.88098,1.04329449e-13,1.075642074e-14
2.8887899999999997,4.1487154199999997e-14,3.82431042e-15
2.90444,9.94159548e-14,4.92536502e-15
2.90481,1.7324989200000001e-13,6.7159204200000004e-15
2.9057600000000003,7.55203626e-13,2.6085045599999998e-14
2.90595,1.2443118479999999e-12,1.8533698199999998e-14
2.90595,1.315020924e-12,2.6612263800000002e-14
2.90644,7.292720520000001e-13,2.49601212e-14
2.90675,1.305945594e-12,2.54227788e-14
2.90706,8.37030582e-13,2.9516049e-14
2.90739,3.3972172199999997e-13,1.236268206e-14
2.90788,2.1302274599999996e-13,5.9088168e-15
2.9085,1.415620116e-13,6.23508012e-15
2.90904,1.170938646e-13,4.18272588e-15
2.90949,9.678146580000001e-14,3.9104019e-15
2.91001,8.39265372e-14,3.67534044e-15
2.91027,7.92977184e-14,3.55866678e-15
2.9115,5.73256476e-14,3.06576342e-15
2.91247,4.44893022e-14,3.0581379e-15
2.91341,4.5534447e-14,2.6500284e-15
2.9139299999999997,4.8175023599999996e-14,2.7128268e-15
2.91445,6.07130766e-14,3.940823880000001e-15
2.91504,1.532468394e-13,5.87722536e-15
2.91537,5.784004980000001e-13,1.3880657160000002e-14
2.9154899999999997,6.366604320000001e-13,1.236484476e-14
2.91566,5.172137100000001e-13,1.5902445240000002e-14
2.91585,3.57848352e-13,1.1645562779999999e-14
2.9160399999999997,2.2241687400000005e-13,8.18884728e-15
2.91648,1.064450502e-13,4.39795458e-15
2.91693,8.386165620000001e-14,3.47587542e-15
2.9174499999999997,5.88594024e-14,2.01060612e-15
2.9179299999999997,3.94494102e-14,2.50733826e-15
2.9184,4.11983136e-14,1.7587396800000001e-15
2.91892,4.03877016e-14,1.86660234e-15
2.91946,3.57616062e-14,1.528053282e-15
2.91991,3.10598964e-14,1.75553568e-15
2.9204299999999996,2.8807965e-14,1.77495192e-15
2.92084,3.51475596e-14,1.78381098e-15
2.92143,2.93619366e-14,1.584868212e-15
2.9219,3.00088242e-14,1.65661218e-15
2.9224699999999997,2.7381384e-14,1.75093794e-15
2.92297,2.9009816999999996e-14,2.02321386e-15
2.92346,2.7378019800000002e-14,1.9829556e-15
2.92583,2.7744717600000003e-14,1.88730018e-15
2.92979,2.8977777e-14,2.09783502e-15
2.93966,3.66600078e-14,2.11476816e-15
2.95006,7.83068814e-14,2.70110016e-15
2.9596999999999998,8.01935568e-14,2.95146072e-15
2.96984,6.40240902e-14,2.48978034e-15
2.9707399999999997,8.45349768e-14,7.11385722e-15
2.97979,6.47123094e-14,2.86232544e-15
2.98023,8.638785e-14,5.54258358e-15
2.9896700000000003,8.83434114e-14,3.2749365599999998e-15
2.99092,1.237029156e-13,6.9829578e-15
2.99494,1.564207218e-13,8.96948586e-15
2.99885,1.7059698000000001e-13,7.53974892e-15
2.9989,2.0655867600000002e-13,1.1001574800000001e-14
2.99991,2.2290548399999999e-13,1.0143896039999999e-14
2.99993,1.62743976e-13,5.85792126e-15
3.00139,2.50437456e-13,7.5520683e-15
3.00252,2.6791047000000005e-13,8.276316480000001e-15
3.0033600000000003,2.71439676e-13,1.0385942219999999e-14
3.00403,2.8393848e-13,6.65268948e-15
3.00434,3.33786312e-13,1.269796464e-14
3.0055,3.39829056e-13,7.6139856e-15
3.00638,3.71814588e-13,8.20818342e-15
3.00754,4.0516662599999997e-13,8.119128239999999e-15
3.00807,3.8164446e-13,9.29714292e-15
3.0084299999999997,4.642547940000001e-13,8.77032522e-15
3.0095500000000004,5.651567640000001e-13,1.081114506e-14
3.0100100000000003,5.381726760000002e-13,8.368303320000001e-15
3.0104699999999998,6.49631826e-13,1.0257573960000002e-14
3.01128,6.7935213e-13,1.309846464e-14
3.0117399999999996,7.157960280000001e-13,1.340989344e-14
3.0120500000000003,7.862407740000001e-13,1.441130364e-14
3.01229,8.3085327e-13,1.2816448560000001e-14
3.0124899999999997,8.810727660000003e-13,1.468055178e-14
3.01268,8.882545319999999e-13,1.2952954979999999e-14
3.01299,8.874054720000001e-13,1.44705456e-14
3.01352,9.24549444e-13,1.4245208279999997e-14
3.01388,8.6685021e-13,1.3687824420000002e-14
3.01436,7.764413400000001e-13,1.2798698399999999e-14
3.01441,6.158680739999999e-13,1.3997122560000001e-14
3.01501,6.63835158e-13,1.401407172e-14
3.0155100000000004,5.95466604e-13,1.014517764e-14
3.01607,5.120296380000001e-13,9.241008839999998e-15
3.0165,4.58830422e-13,9.74289942e-15
3.01703,3.9142306800000004e-13,7.95442662e-15
3.0175300000000003,3.7272933e-13,6.72274494e-15
3.01809,3.38042826e-13,7.1188875e-15
3.01852,2.82645666e-13,9.40271472e-15
3.01857,2.82342888e-13,8.530601939999998e-15
3.01898,2.75692986e-13,8.52847128e-15
3.02004,2.2995909e-13,8.42313978e-15
3.0221799999999996,2.01866418e-13,8.06953032e-15
3.0224699999999998,1.9353762e-13,6.1360605e-15
3.02586,1.60037397e-13,6.91349508e-15
3.0263400000000003,1.7176644000000002e-13,6.726798e-15
3.0299099999999997,1.513526346e-13,6.6425007600000016e-15
3.0303400000000003,1.567936674e-13,6.316621919999999e-15
3.0320300000000002,1.55128068e-13,5.5212129e-15
3.0324400000000002,1.84503942e-13,7.106135579999999e-15
3.033,1.7290866600000002e-13,7.90317864e-15
3.0335,2.9728314e-13,7.37636094e-15
3.0336,2.14794558e-13,7.73831682e-15
3.03367,4.1905756799999997e-13,9.528247439999998e-15
3.0339899999999997,2.32744968e-13,6.88562028e-15
3.0340100000000003,1.063809702e-12,1.4833590840000002e-14
3.03423,5.76593442e-13,8.881952580000001e-15
3.03432,3.0562795799999996e-13,6.5858540399999996e-15
3.03444,8.85117816e-13,9.436869359999999e-15
3.03452,4.5030938400000004e-13,1.012718718e-14
3.03483,7.8199227e-13,1.4933299320000002e-14
3.0348800000000002,5.8092525e-13,9.715809599999999e-15
3.03505,1.0695849120000002e-12,1.78922574e-14
3.03594,4.63397724e-13,1.164160584e-14
3.0369800000000002,2.4920551799999997e-13,8.78531994e-15
3.0379899999999997,2.13231006e-13,8.46780354e-15
3.03879,2.2610627999999995e-13,6.476373360000002e-15
3.03898,2.0336749200000002e-13,8.662734900000001e-15
3.04002,2.27040246e-13,6.68564262e-15
3.04202,2.1121248599999998e-13,7.91814132e-15
3.04296,2.11563324e-13,6.24366684e-15
3.0459099999999997,1.95568956e-13,8.026052039999999e-15
3.04695,1.74702906e-13,6.81091902e-15
3.04891,1.6794086400000004e-13,6.2763156e-15
3.05,1.3091560020000001e-13,7.05030588e-15
3.0529,1.379403702e-13,5.761945439999999e-15
3.0540100000000003,1.2864668760000002e-13,6.78096162e-15
3.05694,1.361645532e-13,6.2102491200000004e-15
3.0580100000000003,1.2994078319999998e-13,7.07005854e-15
3.05997,1.386692802e-13,7.09407252e-15
3.06048,1.73219454e-13,8.48864556e-15
3.06094,1.8752531399999998e-13,5.89250844e-15
3.06096,1.551903858e-13,8.647644060000001e-15
3.0613,1.571887206e-13,7.80955776e-15
3.06147,1.54118808e-13,8.6290128e-15
3.06178,1.7245530000000002e-13,8.42254704e-15
3.062,1.8762624e-13,9.43957674e-15
3.06227,1.72163736e-13,8.863513560000001e-15
3.06258,1.597974174e-13,7.21779498e-15
3.0628,1.79382348e-13,8.35519896e-15
3.06292,2.14831404e-13,6.4252695600000005e-15
3.06312,1.96975512e-13,9.01097766e-15
3.06324,2.17934478e-13,1.005373548e-14
3.06353,2.0585539799999998e-13,5.405003819999999e-15
3.06375,1.98547074e-13,5.01272208e-15
3.06389,2.0619502200000002e-13,7.320611340000001e-15
3.06404,2.07039276e-13,5.2694906399999995e-15
3.06418,2.04144462e-13,5.56496352e-15
3.06445,1.90191042e-13,6.0681196800000005e-15
3.06455,1.9676404800000002e-13,7.79775102e-15
3.06481,1.83634056e-13,5.0368482e-15
3.06486,1.7964027e-13,7.117317539999999e-15
3.06498,1.88472096e-13,5.3861643e-15
3.0653200000000003,1.8368211599999998e-13,5.37499836e-15
3.06547,1.89362808e-13,5.14171512e-15
3.06583,1.68147522e-13,5.201758080000001e-15
3.06603,1.6044190200000002e-13,4.95524232e-15
3.0662,1.67046948e-13,5.72966514e-15
3.06658,1.61635392e-13,4.8642487199999995e-15
3.06707,1.6132941e-13,5.417595539999999e-15
3.06758,1.365274062e-13,4.90482738e-15
3.06787,1.461166578e-13,5.342509799999999e-15
3.06913,1.483806042e-13,5.338552860000001e-15
3.06998,1.584889038e-13,5.23951722e-15
3.07042,2.38114872e-13,7.1051904e-15
3.07095,2.08058148e-13,5.03074458e-15
3.07097,3.16420632e-13,8.66951136e-15
3.07192,7.7415849e-13,2.13879816e-14
3.07204,1.1774892239999999e-12,2.10645378e-14
3.07209,3.59461566e-13,7.630982820000001e-15
3.0724099999999996,1.87251372e-12,3.44843316e-14
3.07245,5.05669698e-13,7.49582208e-15
3.0726,2.07271566e-12,2.30436486e-14
3.07279,8.525844000000001e-13,1.1246136120000001e-14
3.07292,1.7632413e-12,2.0351167199999998e-14
3.07309,1.462747752e-12,1.97986374e-14
3.07309,1.403709246e-12,1.526134086e-14
3.07328,1.95081948e-12,1.592697186e-14
3.0734,1.303215786e-12,2.01304116e-14
3.07362,1.98109728e-12,1.6564359600000002e-14
3.07374,9.642373920000001e-13,1.69345818e-14
3.07384,1.5582814199999999e-12,1.61973414e-14
3.07398,6.47885646e-13,1.0838138760000002e-14
3.0740100000000004,1.247224284e-12,1.332473112e-14
3.0743,8.45171946e-13,1.2333846060000001e-14
3.07452,6.58937844e-13,1.076635314e-14
3.07452,4.081896e-13,1.062161244e-14
3.07491,3.31963236e-13,9.92696922e-15
3.07505,3.9542967000000003e-13,8.021502360000001e-15
3.07537,3.32604036e-13,8.519932619999999e-15
3.0759000000000003,2.2435369200000002e-13,7.54202376e-15
3.07593,2.7022856400000003e-13,7.676511660000002e-15
3.07644,2.3028429599999994e-13,7.09472934e-15
3.0769699999999998,2.1218810400000002e-13,6.85579104e-15
3.07784,1.9041692399999998e-13,6.880557960000002e-15
3.0780100000000004,1.97763696e-13,5.5715156999999995e-15
3.08001,1.7140599e-13,8.38164798e-15
3.0819,1.7513544600000002e-13,8.853885540000001e-15
3.08205,1.66465422e-13,6.5900032200000004e-15
3.0829,1.8130635e-13,5.98133934e-15
3.08356,1.6547058e-13,6.44990832e-15
3.08506,1.6977515399999999e-13,6.411876839999999e-15
3.08579,1.5981904439999998e-13,5.9980321800000006e-15
3.08604,1.7141720400000004e-13,6.89201226e-15
3.08798,1.66761792e-13,5.858514e-15
3.08898,1.6926732000000002e-13,5.74472394e-15
3.0895900000000003,1.7103112200000002e-13,5.8875742799999996e-15
3.08998,1.72466514e-13,5.85792126e-15
3.09102,1.8444627e-13,5.77314342e-15
3.09197,1.8257353200000002e-13,6.578324640000001e-15
3.0930500000000003,1.78523676e-13,6.28341246e-15
3.0936999999999997,1.9973415599999998e-13,6.34685166e-15
3.0941199999999998,1.82495034e-13,6.42485304e-15
3.0950900000000003,2.00421414e-13,6.52778154e-15
3.09597,1.88001108e-13,7.59830202e-15
3.09784,2.06236674e-13,6.79666122e-15
3.09799,1.99367298e-13,6.42744828e-15
3.0989899999999997,2.3176134e-13,6.0144687e-15
3.09945,2.55408462e-13,5.94699246e-15
3.0995999999999997,2.17304892e-13,8.04750282e-15
3.09994,2.3944293e-13,6.22359378e-15
3.09997,2.9046022200000003e-13,8.593720739999999e-15
3.1005,4.21656012e-13,1.6251489e-14
3.10065,2.72312766e-13,7.61273604e-15
3.1007,4.71880314e-13,9.264622319999999e-15
3.1012600000000003,3.44753604e-13,7.93177434e-15
3.10145,3.78789696e-13,9.73296702e-15
3.10175,4.70206224e-13,9.126417780000001e-15
3.10211,6.96866796e-13,1.161616608e-14
3.10231,8.15477274e-13,1.2790143720000002e-14
3.10248,8.46131544e-13,1.2997506599999999e-14
3.1026700000000003,8.21085876e-13,1.3568235120000001e-14
3.1030100000000003,6.79654908e-13,1.271191806e-14
3.10353,4.77931068e-13,9.361174860000002e-15
3.10401,3.24568404e-13,8.620954739999999e-15
3.10453,2.8224036000000005e-13,7.915722300000001e-15
3.1048899999999997,2.56954392e-13,6.99963462e-15
3.10506,2.6390707199999995e-13,6.6182945400000005e-15
3.1053800000000003,2.6119969199999997e-13,6.84074826e-15
3.1059200000000002,2.47824594e-13,6.92699994e-15
3.10658,2.3797710000000005e-13,7.37597646e-15
3.1070900000000004,2.36682684e-13,7.56807228e-15
3.1074499999999996,2.2083570000000001e-13,7.7741055e-15
3.10784,2.39045634e-13,8.15539752e-15
3.10882,2.3329926e-13,7.28962866e-15
3.112,2.4562344599999997e-13,8.783237339999999e-15
3.1127800000000003,2.78416386e-13,7.51150566e-15
3.11559,2.622474e-13,8.68376916e-15
3.11669,2.85421932e-13,7.52510664e-15
3.12001,3.0213719999999996e-13,9.36870426e-15
3.12075,3.00801132e-13,7.00573824e-15
3.124,2.9341430999999995e-13,8.99441298e-15
3.12473,3.15451422e-13,8.48781252e-15
3.12789,2.7936957600000003e-13,7.51547862e-15
3.12882,2.8114939800000004e-13,7.603668720000001e-15
3.13272,2.5159089600000003e-13,1.001761038e-14
3.1349,2.0301505199999998e-13,5.78339622e-15
3.13676,2.39393268e-13,7.120537560000002e-15
3.13895,1.82102544e-13,6.0768665999999995e-15
3.14093,2.00831526e-13,7.26708852e-15
3.14273,1.63761246e-13,5.6831911200000005e-15
3.14278,1.73794572e-13,6.20914374e-15
3.1468000000000003,1.7685279000000001e-13,7.23456792e-15
3.14764,1.236780846e-13,6.7305306600000016e-15
3.15086,1.547488746e-13,6.99764814e-15
3.15204,1.0751118119999999e-13,5.86570698e-15
3.1529000000000003,1.420927542e-13,6.417003239999999e-15
3.15511,1.444653162e-13,7.266479760000001e-15
3.1560900000000003,1.271444922e-13,8.59170222e-15
3.157,1.461847428e-13,4.371057e-15
3.157,1.020664638e-13,4.84158042e-15
3.15782,9.788236019999999e-14,5.302507860000001e-15
3.15821,1.419234228e-13,8.98475292e-15
3.15836,1.028246904e-13,4.3779456e-15
3.15887,1.150896024e-13,5.66073108e-15
3.15905,1.734966e-13,9.71282988e-15
3.15919,1.7810235e-13,9.521102519999999e-15
3.15956,3.52228536e-13,1.230501006e-14
3.1597600000000003,7.11241542e-13,1.581941358e-14
3.15981,1.243962612e-13,7.044666840000001e-15
3.16079,5.2962921e-13,1.3995969120000002e-14
3.16087,4.053893040000001e-13,8.103700980000001e-15
3.16166,1.5915918059999998e-13,4.075071480000001e-15
3.16183,1.81469754e-13,9.6666282e-15
3.1624899999999996,1.357888842e-13,5.32474362e-15
3.1630100000000003,1.65658014e-13,8.02014066e-15
3.16316,1.289960838e-13,4.7869041600000006e-15
3.1637,1.584411642e-13,8.773401060000002e-15
3.16392,1.208729826e-13,4.01606982e-15
3.16488,1.425682278e-13,8.72322642e-15
3.16525,1.244263788e-13,3.64419756e-15
3.1659200000000003,1.7165590200000002e-13,9.36383418e-15
3.16661,1.137774042e-13,5.17220118e-15
3.1671,1.6263664200000001e-13,1.0080617039999999e-14
3.16764,1.309391496e-13,5.3897688e-15
3.16808,1.7916768e-13,9.75007638e-15
3.1689000000000003,1.515751524e-13,5.17032684e-15
3.16897,2.1365874e-13,1.0648365839999998e-14
3.17003,2.27826828e-13,9.94592088e-15
3.1704299999999996,1.74619602e-13,5.73224436e-15
3.17104,2.5843944599999997e-13,1.13299848e-14
3.172,3.1255821e-13,1.167539202e-14
3.17279,2.4111701999999994e-13,7.47488394e-15
3.17292,3.45892626e-13,1.2574931040000001e-14
3.1738299999999997,2.9628189000000003e-13,6.5296719e-15
3.1740500000000003,4.07385396e-13,1.33139817e-14
3.17462,4.91152374e-13,1.4356659420000003e-14
3.17484,3.41600868e-13,9.03529602e-15
3.17509,5.40980982e-13,1.448051004e-14
3.1759299999999997,5.642452260000001e-13,1.431358164e-14
3.17709,6.40973016e-13,1.581885288e-14
3.17728,4.2635628e-13,8.72506872e-15
3.17763,6.347860920000001e-13,1.575674334e-14
3.1778299999999997,6.129604440000001e-13,1.5822954e-14
3.17815,4.04726076e-13,1.1830369500000001e-14
3.1784899999999996,6.17710374e-13,1.5238047779999998e-14
3.1788600000000002,5.610204e-13,1.48501395e-14
3.17983,5.0307606e-13,1.2216131100000001e-14
3.1811100000000003,4.14443808e-13,1.303664346e-14
3.18198,3.90131856e-13,1.227873726e-14
3.1829899999999998,3.1250214e-13,1.179887418e-14
3.18385,1.56816576e-13,4.5902907e-15
3.18385,2.26908882e-13,7.59208626e-15
3.18398,2.7329959800000004e-13,1.2152483639999998e-14
3.18499,2.41546356e-13,1.00868328e-14
3.186,2.06211042e-13,9.781459560000001e-15
3.18704,1.6446932999999999e-13,8.52718968e-15
3.18805,1.7167833000000002e-13,9.6042303e-15
3.18892,1.4409669599999998e-13,9.085887180000001e-15
3.1898299999999997,1.0143543600000001e-13,2.44167228e-15
3.18993,1.342709892e-13,9.15371586e-15
3.191,1.16216289e-13,7.4443338e-15
3.19196,9.01799442e-14,3.18360654e-15
3.1919899999999997,1.0547087400000001e-13,7.45391376e-15
3.19298,1.2213007200000002e-13,7.7655348e-15
3.1938400000000002,1.058090562e-13,6.990278940000001e-15
3.19392,7.16576202e-14,5.36416884e-15
3.1950100000000003,9.5141178e-14,6.6108292199999995e-15
3.196,1.042679322e-13,8.9596656e-15
3.19699,8.8979085e-14,7.88786352e-15
3.1976,7.10520642e-14,4.002100380000001e-15
3.1979499999999996,8.486723159999999e-14,6.7634998199999996e-15
3.19892,8.57217384e-14,7.413158880000001e-15
3.2005,7.72598142e-14,5.6675716200000004e-15
