,a0,a0_err,Chi2,Pval,Chi2NDF
2.1184,1.9045572050711933e-05,4.335091820376317e-06,5.462419783217939,0.48601037229815836,0.9104032972029898
2.1195,2.4520752821273062e-05,5.216146248061107e-06,4.550781591503561,0.6025750430484116,0.7584635985839269
2.1205,1.6214641226179936e-05,3.532102439390737e-06,1.654976426825924,0.798879026860134,0.413744106706481
2.1215,1.8288027712084104e-05,3.872777398583686e-06,0.7570277653970735,0.9796929018018186,0.1514055530794147
2.1225,2.2565708581190808e-05,3.1235786388213076e-06,1.7795431905945327,0.938816726077165,0.29659053176575545
2.123,4.5721151975051574e-05,4.282242421531549e-06,1.0541952327316921,0.9834741448414824,0.17569920545528203
2.1235,7.174463339359426e-05,5.420903051482136e-06,5.842930529872377,0.44101331919395803,0.9738217549787295
2.1238,6.389246987860735e-05,5.291050336987327e-06,7.783336864495619,0.25441026647499076,1.2972228107492698
2.125,3.637908838878088e-05,4.811387748544018e-06,1.4544532688889455,0.9624624568656494,0.2424088781481576
2.126,3.618101351618421e-05,4.859137525386986e-06,2.341375962675558,0.8857807315172849,0.390229327112593
2.1269,4.416673580048933e-05,5.004537680008338e-06,2.7755736982296115,0.8364414437286533,0.4625956163716019
2.1308,3.1871036829862016e-05,5.200308798289074e-06,1.5264890911182456,0.9099928859835464,0.3052978182236491
2.1359,3.121459388627835e-05,8.470027464282544e-06,0.30755019754956825,0.9586022938538333,0.10251673251652275
2.1378,1.50123381373584e-05,4.204198424162535e-06,5.229892148312668,0.264511874142621,1.307473037078167
2.1418,7.830743229455777e-05,2.4413629483399676e-05,3.965942944703083,0.13765957733769643,1.9829714723515415
2.1459,9.884942626116297e-05,3.536293412792611e-05,0.055221199961465545,0.81421500868891,0.055221199961465545
2.1497,4.227682322390451e-05,9.781934414058056e-06,3.7036500357443725,0.15695046736985693,1.8518250178721862
2.1599,1.1013258086672702e-05,2.2560016449133557e-06,4.11665932153179,0.5327451718276932,0.823331864306358
2.1646,2.141328717248334e-05,2.4583483094070273e-06,3.8545155679537864,0.6963567531791661,0.6424192613256311
2.169,2.205939917979777e-05,2.7167157537112727e-06,0.942147334742755,0.9877105884917139,0.15702455579045918
2.1735,2.620558602554376e-05,5.7421157541070605e-06,0.892608323105198,0.827211214777972,0.29753610770173267
2.1741,1.792824834696352e-05,2.6916084517383057e-06,1.9121040275356298,0.9276021779677506,0.31868400458927165
2.1745,6.456086470257142e-05,6.997476444910149e-06,6.349980794837294,0.3851477526387478,1.0583301324728824
2.1749,7.394297551883093e-05,3.638555297513839e-06,2.15911429202202,0.9044984955181772,0.35985238200367003
2.175,0.0001729121005211905,8.399733742053819e-06,2.281009011307459,0.89212624155781,0.3801681685512432
2.1754,6.750993132415574e-05,7.16744185755247e-06,0.535112746242419,0.9973846033600801,0.08918545770706983
2.176,3.5047774202105763e-05,3.0995060423560116e-06,2.511393648196558,0.8671903617639293,0.4185656080327597
2.1764,2.779942474787171e-05,3.929729322063159e-06,2.5505235693959203,0.862770974291095,0.4250872615659867
2.1769,2.449362980894844e-05,3.1065308173061437e-06,1.6636092413555814,0.9478959770903749,0.2772682068925969
2.178,1.6428140070698048e-05,3.0937996401630122e-06,0.8232599862979492,0.9755260854568277,0.16465199725958984
2.1791,2.0729927207525783e-05,2.427918515651859e-06,0.7802158300589286,0.9925936730564954,0.1300359716764881
2.185,2.6337399464378475e-05,2.7812532474663593e-06,4.638321820339509,0.5909641079554111,0.7730536367232514
2.1896,2.805365631028413e-05,3.2186995882448954e-06,2.0074887171676896,0.9190085788300085,0.3345814528612816
2.1947,9.761643245334207e-05,4.344321578294937e-06,7.550261688511692,0.2729371627455043,1.258376948085282
2.1974,4.6576895490546796e-05,3.2660622442674996e-06,5.0806693171739505,0.533509151167993,0.8467782195289918
2.198,4.605602590318692e-05,4.416524703789394e-06,2.1418804950915034,0.906198158921862,0.35698008251525054
2.1981,5.544961168796452e-05,6.188725343666988e-06,2.3425364621916667,0.8856573832120314,0.39042274369861113
2.1984,4.853291374009752e-05,4.0551576281905585e-06,3.3218825830741867,0.7674965566818185,0.5536470971790312
2.1985,5.355640962253547e-05,6.123654065154261e-06,1.1014269650468205,0.9814735452559845,0.18357116084113675
2.199,8.815085742619805e-05,7.610498431182262e-06,3.455706243034462,0.7498531597851952,0.5759510405057436
2.1991,4.549760119388417e-05,4.735090343940168e-06,4.804491510695811,0.5691221132749653,0.8007485851159685
2.1994,6.91013697458896e-05,5.920477727917318e-06,1.8278857014569563,0.9348277369639774,0.3046476169094927
2.1995,4.9179057500121185e-05,2.9084943061499685e-06,3.8322447473340975,0.6993660312193921,0.6387074578890163
2.1998,5.4555092943052535e-05,2.815739324667756e-06,12.061869266898029,0.06060272414674668,2.0103115444830046
2.2,6.165009643391429e-05,1.0137349698302772e-05,1.1721394341374711,0.9782384620763621,0.19535657235624518
2.2018,5.2891632856556756e-05,4.116689319207371e-06,2.331882285755985,0.8867878975679397,0.3886470476259975
2.204,5.6550500832579245e-05,4.850333678063419e-06,2.030164390084125,0.9169035731297711,0.33836073168068753
2.2049,6.550171413314596e-05,4.239933073387981e-06,3.106674819893051,0.7953438851151003,0.5177791366488419
2.2054,5.778096739413504e-05,3.0180263061762884e-06,5.200729423487617,0.5183380208412822,0.8667882372479362
2.2097,6.587764033899502e-05,3.9570015568900805e-06,8.905394195574292,0.17896896075970664,1.4842323659290486
2.2099,7.08405663308856e-05,4.673352671195692e-06,1.560223939517293,0.9553941935360315,0.26003732325288215
2.2137,7.772221128613626e-05,4.76942073091627e-06,1.6653345692878605,0.94776599931048,0.27755576154797673
2.2138,7.717900572438521e-05,3.6944923439690563e-06,4.059261670598491,0.6686568036627796,0.6765436117664151
2.2199,9.052103641781315e-05,3.831611281370542e-06,4.704963107771134,0.5821714258966781,0.7841605179618556
2.2246,0.0001087324395565028,3.900311347139376e-06,5.445959566560404,0.4880121394409639,0.9076599277600673
2.2294,0.00011650018193065469,4.362205710780602e-06,4.291694688906067,0.6372672617941022,0.7152824481510112
2.2446,0.00012083990202258632,5.996170967210114e-06,4.298508549703625,0.6363498789697319,0.7164180916172708
2.2495,0.00010626843723513527,5.339106564609922e-06,2.827679354669781,0.8301433426143552,0.4712798924449635
2.2544,9.344624009517483e-05,5.499553859293082e-06,3.1136885857980996,0.7944484476390359,0.5189480976330166
2.2596,8.103141725697195e-05,4.38576170750762e-06,7.218169969133507,0.3011415245946354,1.2030283281889178
2.2642,7.221901803848563e-05,4.386299602030341e-06,2.13553487354623,0.90682080662536,0.3559224789243716
2.2691,6.690061059992652e-05,4.228030709066566e-06,3.2357974945144243,0.7787227887074109,0.5392995824190707
2.2747,6.780787549615335e-05,4.608923052018746e-06,2.0178562473781785,0.9180490571719961,0.33630937456302973
2.2794,7.24625003520961e-05,4.977491485366037e-06,1.4534359325073085,0.962527427970086,0.24223932208455143
2.285,7.827360950398324e-05,4.7719088225476864e-06,1.7249369147889952,0.9431799021572251,0.28748948579816586
2.29,0.00010573983760333698,4.235082213828172e-06,6.8150544271683255,0.33829015771624726,1.1358424045280542
2.2917,0.00012509497319620507,4.617505091948045e-06,5.578903218185233,0.47197194181160873,0.9298172030308721
2.2939,0.00016102087142448466,4.957906706237479e-06,13.568398272734806,0.034847084214590776,2.2613997121224676
2.2957,0.0002142353431258016,5.433360744560492e-06,7.994718235800456,0.2384905166288197,1.332453039300076
2.2978,0.00030816825786432207,6.184302208272727e-06,14.940516132936342,0.020724445431920344,2.490086022156057
2.2998,0.00045749468513693066,7.006023535654796e-06,29.22253566780477,5.5211775706476575e-05,4.870422611300795
2.302,0.0007375070709690856,7.993350605263114e-06,83.09818406796781,8.174270761088601e-16,13.849697344661301
2.3035,0.000988826938700774,8.824631893933844e-06,118.59181090958214,3.219441575577709e-23,19.76530181826369
2.3059,0.0013834294866445188,1.0146715816277012e-05,170.4921170268626,3.536829164618131e-34,28.41535283781043
2.3077,0.0014534639451775514,1.1434731969306074e-05,145.29006474826994,7.655971165683357e-29,24.215010791378322
2.3098,0.0012519813051427996,1.1237642358692064e-05,79.85445070568507,3.828954085331197e-15,13.309075117614178
2.3139,0.0006721443516304823,8.820480923101915e-06,41.93413642382769,1.894659794044209e-07,6.989022737304615
2.318,0.00036982078621493905,7.015635181540201e-06,20.18207033831906,0.0025700971339354417,3.3636783897198437
2.3197,0.00031372925769925815,6.836602678483619e-06,12.534753331462534,0.05104865913777874,2.0891255552437555
2.3209,0.00028249815855793605,5.99959554457169e-06,15.804814188311916,0.014840846909125122,2.634135698051986
2.3218,0.0002682973750405191,6.617637140752333e-06,14.523288044356821,0.024306796037154667,2.4205480073928034
2.3229,0.00024621427664293184,4.619423433022394e-06,25.696997614845476,0.00025351398281791356,4.282832935807579
2.3241,0.00024266900155875344,3.869646317043603e-06,16.217533032054774,0.012632801662845021,2.702922172009129
2.3245,0.00024282554931670243,5.579601752882554e-06,9.772179797485087,0.13457970980849382,1.6286966329141812
2.3251,0.0002507888778235199,5.551636550614894e-06,23.348733349978698,0.0006877089331778712,3.891455558329783
2.3255,0.0002723546986167878,4.480851191190126e-06,32.33116008563121,1.4097307203563443e-05,5.3885266809385355
2.3258,0.00029489035508610713,7.056494575631664e-06,13.071722218282513,0.04191102598264894,2.178620369713752
2.326,0.0002942325326315597,7.5832442559528644e-06,6.54585212365728,0.36489266933160724,1.09097535394288
2.3266,0.0002837189793149489,5.799199660955323e-06,12.332721081783157,0.05494473810255556,2.055453513630526
2.327,0.0002531594476888655,6.8044807567097805e-06,16.49336119146384,0.011337146745403887,2.7488935319106402
2.3275,0.0002252024441973039,6.27924233620307e-06,10.286398218556116,0.11309782259161308,1.7143997030926859
2.328,0.00020671389015681702,5.613863587724873e-06,13.746932930579181,0.032594417125582954,2.2911554884298635
2.3286,0.00018824095593978927,4.627988353018045e-06,13.55230111257386,0.03505725825366354,2.258716852095643
2.329,0.0001815828671829272,3.450880666136409e-06,14.202202694030374,0.027457224067006982,2.3670337823383956
2.3298,0.00016418327188106314,6.368087640896754e-06,7.713708074441881,0.25983700122062353,1.28561801240698
2.3299,0.00016634269576465315,3.201378130409107e-06,16.210441732059287,0.012667922352429396,2.701740288676548
2.3339,0.00013651081530014638,6.033806657375546e-06,1.9632839478816326,0.9230441889099489,0.32721399131360546
2.334,0.00013279051169453907,2.750576184904023e-06,22.515962155898922,0.0009759095904245716,3.752660359316487
2.3374,0.0001217892835847096,5.452405572334998e-06,6.378767113625052,0.38212382732991423,1.063127852270842
2.3417,0.00011010265813193445,6.993324557779539e-06,0.6969189366252054,0.9945573179721553,0.1161531561042009
2.3418,0.0001080910609911348,2.159889485449617e-06,14.097232527152496,0.02856868183844938,2.349538754525416
2.3435,0.00010459104081348602,4.496967115674559e-06,10.558801900979836,0.1030074077735784,1.7598003168299725
2.3439,0.00010417620650030344,6.574220095302644e-06,1.8680897675684456,0.9314216517141756,0.31134829459474095
2.3452,0.00010782593442227402,4.485270627769425e-06,8.579078407981585,0.1986705823581279,1.4298464013302643
2.3459,0.00011171040129117496,6.2771217175641454e-06,4.523049170476612,0.6062665968283947,0.7538415284127686
2.3467,0.00011349326635220066,4.869636497519328e-06,5.519982655676278,0.47904482692360406,0.9199971092793797
2.348,0.00011042258545153974,6.5914379661205285e-06,3.547698494127637,0.7376131852822181,0.5912830823546061
2.3481,0.00011271933880635979,5.247658438371958e-06,3.634567282210353,0.7259884947766659,0.6057612137017255
2.3495,0.00011439398723660346,4.614909315999042e-06,2.098752888589284,0.9103958218179127,0.349792148098214
2.3497,0.00011183153827019248,7.017321222961604e-06,4.746526128405065,0.5767095403343572,0.7910876880675107
2.3505,0.00012169678764022127,5.233415374479581e-06,5.28545407323812,0.5077568389016924,0.8809090122063533
2.3512,0.00012645399082729524,4.6387125516995785e-06,10.94539071696223,0.09007893252744419,1.8242317861603716
2.3519,0.00011632923735938078,6.46700592744447e-06,3.302140010526968,0.7700804349768148,0.5503566684211613
2.352,0.00013132513733453194,4.9087815463311154e-06,6.87550648960629,0.3325139885904222,1.145917748267715
2.3528,0.00012923965083996868,5.088094185976776e-06,4.8942800567594595,0.5574423942682936,0.8157133427932433
2.3536,0.00014181912446244665,4.5865155203969e-06,13.169418738330505,0.040423078074283955,2.194903123055084
2.3539,0.00014586061637587394,7.513973687192497e-06,2.863077066108252,0.825825522857585,0.47717951101804196
2.3541,0.0001495265975772465,4.656108537328241e-06,7.270011489860522,0.2965969652203627,1.2116685816434203
2.3547,0.0001587577349870174,4.718885844852542e-06,15.66179591406206,0.015689081863758742,2.6102993190103434
2.3552,0.0001730078224841084,4.777737274497974e-06,16.185696539119927,0.012791213763510821,2.6976160898533212
2.3557,0.00018932613018062054,4.7666676200335555e-06,10.51417451476156,0.10460294416506269,1.7523624191269267
2.356,0.00018884809676023118,7.872168509079552e-06,2.432057280243212,0.8759926995541176,0.40534288004053537
2.3564,0.00020358544346315384,4.79636092980198e-06,8.21523050112306,0.2227552948996664,1.3692050835205098
2.3569,0.00020889593597702411,5.027923456090216e-06,14.235486282422126,0.027113461717708055,2.3725810470703546
2.3574,0.000223964394294842,5.567651848758666e-06,20.456907912212507,0.002295513615581243,3.409484652035418
2.3577,0.0002238556896322661,4.601068916737716e-06,32.236128541013116,1.4701867562466901e-05,5.372688090168853
2.3583,0.00023449960537938442,4.534397443979663e-06,30.232451743153568,3.5503574793574827e-05,5.038741957192261
2.3588,0.00024269825482873525,5.730165739502634e-06,15.287944115567365,0.018131582260623925,2.547990685927894
2.3592,0.00025984020794029303,5.843792321420278e-06,17.76935260196769,0.006835201130182128,2.961558766994615
2.3599,0.0002831772735952659,4.670112671988492e-06,37.08774577490332,1.6928758747259223e-06,6.181290962483886
2.3605,0.000319022827913556,4.417166507806751e-06,48.418323867310264,9.746848870605165e-09,8.06972064455171
2.361,0.0003720914860574973,4.4820334074218065e-06,47.56710131531962,1.4419119236968902e-08,7.927850219219937
2.3612,0.00034607534207265167,9.05445409081779e-06,9.516645570900222,0.14653881870259336,1.586107595150037
2.3615,0.0004267996557497304,4.638042043647631e-06,80.31093767403493,3.081647134047534e-15,13.385156279005821
2.362,0.0005102859434756246,4.553483430062643e-06,80.89807935844003,2.3305419952130144e-15,13.48301322640667
2.3625,0.0006092109175164369,4.857301021504758e-06,120.89132571005689,1.0588870840086731e-23,20.14855428500948
2.3629,0.0007050297384970726,5.716950483615853e-06,128.3133963224617,2.911323311316578e-25,21.385566053743617
2.3634,0.0008421589783124878,5.801476227464129e-06,183.76378694494852,5.3837283841978036e-37,30.627297824158088
2.3638,0.0007795433165811595,8.861842319494404e-06,51.78654045575036,2.058509713544761e-09,8.631090075958394
2.364,0.000998126590638273,6.707931875907153e-06,184.18444898710683,4.382299021113775e-37,30.697408164517807
2.3644,0.0011162844811224307,6.436864059193074e-06,257.401134910024,1.073824501567599e-52,42.900189151670666
2.3649,0.0011837082774509094,7.613292072093657e-06,225.2837651761093,7.768415240141202e-46,37.54729419601822
2.3654,0.001163750979380274,7.558038189316598e-06,187.08799022193458,1.0583896803488216e-37,31.18133170365576
2.366,0.0010419300556693321,7.749619599647288e-06,135.14237632970134,1.0605998271501354e-26,22.523729388283556
2.3665,0.0009188949204224151,7.409217378845e-06,130.86187016480014,8.462819602620528e-26,21.810311694133357
2.3669,0.0008089004439062538,7.38760785362596e-06,86.4124268769463,1.682436715753728e-16,14.402071146157716
2.3674,0.0006967663039162647,7.035362993527311e-06,81.414245756018,1.8228931969082334e-15,13.569040959336334
2.3679,0.0005961351551508377,6.650467194048927e-06,67.51204883421414,1.3223134897275833e-12,11.25200813903569
2.3685,0.0004867498730290451,6.926470553165399e-06,48.956187349720906,7.608015287523563e-09,8.159364558286818
2.3693,0.00045767747423283874,6.120820583296949e-06,67.97850553069108,1.0613265263385007e-12,11.329750921781846
2.3696,0.00040225257561562496,6.141026014839087e-06,41.237168543917825,2.6002516575108377e-07,6.872861423986304
2.3699,0.0003656816156562167,6.196819636621503e-06,40.48978048244987,3.6491862263751563e-07,6.748296747074979
2.3706,0.0003334893787842186,6.411258079543099e-06,25.768470700929853,0.00024587178282945533,4.294745116821642
2.3709,0.00030271720413143694,5.5211692700842394e-06,32.67339370389205,1.2117358778710789e-05,5.445565617315342
2.3715,0.0002755590382867599,5.198682059572553e-06,38.688178862452695,8.238786971164301e-07,6.448029810408783
2.372,0.00027275789286482005,5.195329805203731e-06,36.02407498272141,2.7270850841909744e-06,6.004012497120235
2.3723,0.00025554164538509484,6.897081317840635e-06,14.839855555024922,0.02153952454561702,2.4733092591708203
2.3725,0.0002541628318932945,5.305046915025752e-06,27.463881222984405,0.00011851692461627538,4.577313537164067
2.373,0.0002307665993345902,5.717237887875675e-06,21.964842132669062,0.0012287643293245614,3.6608070221115105
2.3741,0.0001951646287743033,4.12235309274326e-06,26.250739467484205,0.0001999241225809062,4.375123244580701
2.375,0.00018118489709992557,3.929158345681312e-06,17.252921046352924,0.008397315861017943,2.875486841058821
2.3759,0.00016716863582533323,3.273655218505657e-06,28.50141563763321,7.558045325732355e-05,4.750235939605536
2.377,0.00016565677416467353,4.233550736959839e-06,10.881342982530569,0.09211363070996122,1.813557163755095
2.3779,0.00016129437700290272,4.010527925695077e-06,16.051310735945982,0.01348119602083962,2.675218455990997
2.3799,0.00017243899555836789,4.4508261331332515e-06,12.682839434458216,0.04835825519283555,2.1138065724097026
2.3819,0.00020656986014806308,4.609601425984461e-06,18.227920472347872,0.005687152289761582,3.037986745391312
2.384,0.0002724177383137216,4.994030862849847e-06,31.577838999605454,1.9656805059511097e-05,5.262973166600909
2.386,0.00037890917942858264,5.454640227806485e-06,34.90289692486623,4.5002529079816785e-06,5.817149487477706
2.3879,0.0005431967959146483,6.090375902473668e-06,52.5362016397968,1.4546959872807418e-09,8.7560336066328
2.3898,0.0007053681515369542,6.464785905537943e-06,93.4613137686166,5.7794830420388504e-18,15.576885628102767
2.3901,0.000805940343160149,7.45463816102547e-06,107.13753457868675,8.098117549789009e-21,17.856255763114458
2.3918,0.0010062314014235168,7.779908791113472e-06,118.28083407891786,3.7416758033294685e-23,19.71347234648631
2.3939,0.0014795493995508218,9.591341973791136e-06,198.38195601258911,4.193494670559314e-40,33.06365933543152
2.3948,0.0019141928283541157,1.1170874931933803e-05,253.57714325032873,7.053482690257624e-52,42.26285720838812
2.396,0.0021946685709023925,1.2111898194141505e-05,282.6511532767737,4.25245044880112e-58,47.10852554612895
2.398,0.002813331276837854,1.1211501603154834e-05,472.75743448379376,6.19282391127416e-99,78.79290574729896
2.3998,0.002903815454421019,1.3613123270846693e-05,379.5333002599847,7.004511366211415e-79,63.25555004333078
2.4001,0.0029336274805465525,8.151399605638824e-06,1018.9331106081555,7.184434253009893e-217,169.82218510135925
2.4017,0.0025483430571426264,6.685505871649495e-06,1177.4491950197391,3.6343410472815296e-251,196.24153250328985
2.4035,0.0020848877674771744,7.156785942349241e-06,641.4061238548886,2.718406907543578e-135,106.90102064248144
2.4057,0.0015810583200344473,6.3185605391574855e-06,458.529122436177,7.163059662502477e-96,76.4215204060295
2.4078,0.0012402639081603765,5.7143582264404704e-06,354.75872300518125,1.468232925361324e-73,59.12645383419687
2.4099,0.0010032273537098236,4.258397126697021e-06,457.6188488705789,1.1247175139850506e-95,76.26980814509649
2.4117,0.0008663976350503723,4.051422707627212e-06,379.96989571622896,5.643723028457209e-79,63.32831595270483
2.4145,0.0007137120479001473,3.610090122516439e-06,262.3363808953937,9.454257801778575e-54,43.722730149232284
2.4149,0.0006933838342426603,6.376896095324648e-06,94.44372187544526,3.609533124809015e-18,15.74062031257421
2.4195,0.0005482780479973798,5.847369886895597e-06,63.139859378967344,1.0336335515606822e-11,10.523309896494558
2.4197,0.0005431672756955637,3.7035134011710384e-06,154.61297060140976,8.181940287626863e-31,25.76882843356829
2.4236,0.00047334457668296207,6.057459826212044e-06,37.90260164113569,1.173699019103176e-06,6.317100273522615
2.4238,0.0004749778133213593,3.508466739776232e-06,112.37943416560691,6.469259858092203e-22,18.729905694267817
2.4265,0.000438330654978578,3.6172309767908975e-06,113.92620615524687,3.0664872728565674e-22,18.98770102587448
2.4279,0.00042471768536307095,6.402130505660218e-06,29.007091740875612,6.064922339892158e-05,4.834515290145935
2.4286,0.00041803782603399767,5.036310255772991e-06,56.7011163825803,2.0999821407873812e-10,9.450186063763384
2.4299,0.00040802932164748476,4.750528341725362e-06,57.03600769441165,1.7965132303355274e-10,9.506001282401941
2.4309,0.00040240504692182113,6.884058033056414e-06,47.47029187797225,1.5075277048219597e-08,7.9117153129953754
2.4319,0.0003433913272954274,3.2087253199419577e-06,67.40689776689993,1.3894850237053708e-12,11.234482961149988
2.4327,0.00040248500214805805,7.060087871574268e-06,30.552589096600535,3.08536770047662e-05,5.0920981827667555
2.4338,0.0003912208217173692,5.277476983031549e-06,41.5444732560564,2.2616404394353134e-07,6.9240788760094
2.4349,0.0003888241855958486,6.8771950347631356e-06,29.587567257273083,4.7078362448300674e-05,4.9312612095455135
2.4352,0.0004019280329669921,6.2619849486788516e-06,31.031314253701904,2.5002688916196573e-05,5.171885708950318
2.436,0.00039038793579265844,7.313993135546723e-06,26.312663553745857,0.00019467532434692858,4.385443925624309
2.437,0.0003996953291632395,6.432861766490366e-06,29.848738133981552,4.199838484135783e-05,4.974789688996926
2.4375,0.0004039850915805415,6.377135828966524e-06,29.952852641682984,4.0128056370421486e-05,4.992142106947164
2.438,0.00040713638005421455,4.634183788836803e-06,64.50368842850868,5.447485849859757e-12,10.75061473808478
2.4388,0.0004104218851036671,6.04126483522427e-06,37.10817721139405,1.6774176178237534e-06,6.184696201899008
2.4389,0.0004036136968522381,6.609914804351475e-06,37.343885155494775,1.508911176918079e-06,6.223980859249129
2.4392,0.00040161921241009156,6.329341621550496e-06,29.94331113853353,4.029597225845669e-05,4.990551856422255
2.4396,0.0003972088377556302,6.135092704284988e-06,37.79157259270131,1.2338212794490756e-06,6.298595432116884
2.4398,0.000393954312278583,4.575515801854748e-06,54.185546279045795,6.768108318344207e-10,9.030924379840966
2.4401,0.00039334882800793106,6.212323464739644e-06,30.952828609035954,2.588039590991479e-05,5.158804768172659
2.4409,0.00038850903077054946,3.9896628776201476e-06,86.59800176373274,1.5397916608151395e-16,14.433000293955457
2.4418,0.0003771600969638418,5.6358786287166505e-06,28.114359364355984,8.941555092781484e-05,4.685726560725997
2.442,0.0003802135719545723,5.9451532195924226e-06,52.769047969402656,1.305888098278989e-09,8.794841328233776
2.4429,0.0003728453955899224,5.840101090677285e-06,30.71384071975991,2.874534462369943e-05,5.118973453293319
2.4438,0.0003661843140659134,5.074565422886576e-06,39.62335577737015,5.401114116098313e-07,6.603892629561692
2.444,0.00037150865524966913,5.4510626204566775e-06,27.841672571651557,0.00010063761086060119,4.640278761941926
2.4458,0.00035816738249100794,5.560791518444162e-06,25.899136416257754,0.00023248323569253278,4.316522736042959
2.4477,0.0003569778842530412,5.789884994969427e-06,20.204794712659524,0.0025462275117165882,3.367465785443254
2.4479,0.00035161908267036763,5.5073764550924145e-06,25.317958839613176,0.0002981282922257523,4.219659806602196
2.4499,0.00035170068142220586,5.52003296675118e-06,25.663446563006918,0.0002571817174166643,4.277241093834486
2.4518,0.0003462774929002893,4.187214827759676e-06,58.95753742564846,7.327663418668927e-11,9.826256237608076
2.4522,0.0003432772599790907,6.645001007353539e-06,24.574518494911693,0.00040926524899238077,4.095753082485282
2.4539,0.0003535779025736504,6.64178286468831e-06,29.9539789575312,4.01082806948298e-05,4.9923298262552
2.4559,0.0003496166035429873,4.175596820756591e-06,40.47122244300284,3.6799951078369016e-07,6.7452037405004726
2.4581,0.00034944095093171934,4.836667008043177e-06,50.986650561644026,2.980236690430966e-09,8.497775093607338
2.4598,0.0003536832687567442,3.986222236619162e-06,62.23904190213289,1.577221381035371e-11,10.373173650355481
2.4619,0.00036331970264697627,3.9385551525932126e-06,58.28608153865427,1.0026746888131345e-10,9.714346923109046
2.4638,0.0003742642919925813,5.237271697154985e-06,40.57961104819897,3.5036436301540405e-07,6.763268508033161
2.4648,0.00038502617878196553,7.028498042331782e-06,19.75964734703442,0.003055725536224928,3.29327455783907
2.4658,0.0003972542480568433,5.833566978762814e-06,24.708862678708876,0.00038653412145121704,4.118143779784813
2.4659,0.0004057194168961849,4.9463615109788526e-06,37.373740726188615,1.4888049042549906e-06,6.2289567876981025
2.4663,0.0004043072526789104,7.033533661954782e-06,36.21230273526279,2.506702993560545e-06,6.0353837892104645
2.4669,0.00042370958637322805,7.451659236392369e-06,23.858149826139723,0.0005545795105678225,3.9763583043566206
2.4674,0.0004267913525046139,7.221369840737944e-06,29.69812774369987,4.485762034687907e-05,4.949687957283312
2.4678,0.0004659277549527374,5.440739131105279e-06,53.333219546793664,1.0052808867307666e-09,8.888869924465611
2.468,0.00046192178339859785,7.827585379866679e-06,31.35858850625338,2.1649739034421546e-05,5.226431417708897
2.4684,0.000475367933957076,7.610120426634389e-06,31.170173912894366,2.35214592090261e-05,5.195028985482394
2.4689,0.0005037642871711291,7.882925643910894e-06,44.94794585367208,4.7930086662699706e-08,7.491324308945347
2.4694,0.0005437296160356543,8.279061137950076e-06,30.976074949430725,2.5617297657826205e-05,5.162679158238454
2.4698,0.0006339147987125185,5.397055682672021e-06,96.22046050932828,1.5398784973116066e-18,16.03674341822138
2.4706,0.0007020324121204028,8.135404356551857e-06,56.340670515004604,2.483943878173468e-10,9.390111752500767
2.471,0.0007565809644376585,9.28336217927587e-06,55.33610779250004,3.9647098158591224e-10,9.22268463208334
2.4713,0.0007788300923340063,9.135242356475378e-06,54.24051272864284,6.597505200018203e-10,9.040085454773807
2.4718,0.0007670105493344695,8.458126113966808e-06,73.9462387343914,6.324146368789426e-14,12.324373122398567
2.4719,0.0007146217913598705,7.142314600536608e-06,51.8486969119285,2.000127162753838e-09,8.641449485321417
2.4724,0.0007157076715473182,7.142843008494671e-06,93.49413976210965,5.6893076195359016e-18,15.582356627018276
2.4738,0.0005237797458364146,3.523239225905291e-06,190.98624956563307,1.5699008828621376e-38,31.83104159427218
2.4748,0.00048566530745427594,7.649066400179648e-06,24.954259137251473,0.00034817756737896957,4.159043189541912
2.4759,0.0004512634213685582,6.791899174125722e-06,35.43644218832625,3.546592232662097e-06,5.906073698054374
2.4768,0.000429307885146377,6.536501725936528e-06,32.14557161687128,1.530185265165798e-05,5.357595269478547
2.4778,0.00042438077995175474,3.009471839147081e-06,139.34742200123645,1.3761460142892696e-27,23.224570333539408
2.4789,0.0004162253355979913,7.308215973205225e-06,22.97907289883741,0.0008035180219508205,3.829845483139568
2.4798,0.00041684879361790077,7.294935830500176e-06,33.00992797730454,1.0439811472517021e-05,5.50165466288409
2.4799,0.00042264125509368334,3.544664599261827e-06,106.96555198631879,8.797519767136521e-21,17.827591997719797
2.4809,0.0004204419995710002,3.2417711304263817e-06,134.11064949648085,1.7499694392307964e-26,22.351774916080142
2.481,0.0004149286902294051,8.023703696602976e-06,21.683662451099675,0.0013814854371850096,3.613943741849946
2.4815,0.0004176343033981177,7.569208894582958e-06,19.139268993453058,0.003934781655887919,3.1898781655755095
2.482,0.00042373717635232937,3.196437952898677e-06,140.68909260060846,7.17015574311747e-28,23.44818210010141
2.4824,0.000432283747644768,4.403131559758148e-06,74.08721027579627,5.915616331114844e-14,12.347868379299378
2.4825,0.00042253787338746165,7.56373825501079e-06,22.236038187581425,0.001097201461449836,3.706006364596904
2.4829,0.00044778689414428285,6.5450456681723704e-06,26.145550903834387,0.00020916195414218103,4.357591817305731
2.483,0.0004276904588275479,7.815259037889878e-06,16.632566145224065,0.010732840864803176,2.7720943575373442
2.4834,0.00043873148892758834,8.49329159919552e-06,21.63550491118753,0.0014094451353704716,3.605917485197922
2.4835,0.0005045403223274775,1.0082416968166849e-05,29.199615317587742,5.5766521043433837e-05,4.86660255293129
2.4839,0.0005170307622740231,7.372424305609854e-06,52.59667052033995,1.414499646123362e-09,8.76611175338999
2.4845,0.0005173156344982297,7.844698859767152e-06,31.053652350248676,2.4758317060690334e-05,5.175608725041446
2.485,0.0004674968709885991,5.6868889656015436e-06,66.39444169279905,2.238478926184606e-12,11.065740282133175
2.4855,0.00044783538425193425,4.516311124635031e-06,61.325326923475544,2.420317479565823e-11,10.220887820579257
2.4857,0.0004455332474299331,8.522472168845905e-06,25.60606934763581,0.0002635756991497596,4.267678224605969
2.486,0.0004416639365879629,4.80709508699317e-06,62.27216387190873,1.5529147373250345e-11,10.378693978651455
2.4864,0.0004470921735291204,3.7357817784000135e-06,123.74397514597788,2.662756482362102e-24,20.62399585766298
2.4868,0.00044617394857134513,2.93257094366644e-06,214.8903357455318,1.2781558965273715e-43,35.81505595758863
2.4875,0.00044656720892651713,3.2783496192882577e-06,132.56020272855656,3.713273412072753e-26,22.093367121426095
2.4879,0.0004492315057084027,3.2065273979646662e-06,159.62893511249484,7.09629878705904e-32,26.604822518749142
2.488,0.0004439264700219764,6.8392174320774275e-06,32.71042169935505,1.1920416971093034e-05,5.451736949892509
2.4889,0.00044048298249459075,7.203323404353145e-06,27.026410093085435,0.00014316710919504377,4.504401682180906
2.489,0.00045259573311361053,3.5891229716691366e-06,139.03575817622053,1.601122395614491e-27,23.172626362703422
2.4898,0.0004472150084052187,6.519592919707716e-06,30.87147657963541,2.6822373779872784e-05,5.145246096605901
2.4899,0.0004633903387505177,2.9641904206671667e-06,186.62485857610375,1.3276498699997423e-37,31.104143096017292
2.4909,0.00046916065495449465,3.2739110343285748e-06,140.4032273044957,8.238760984960668e-28,23.400537884082613
2.4911,0.00045991240317030913,7.013795831325715e-06,33.53360063000475,8.276243305412808e-06,5.5889334383341245
2.4918,0.00047190863040947207,3.0219057353081133e-06,199.5039605721721,2.4198328638438802e-40,33.250660095362015
2.4928,0.0004804249176274503,3.6356762980987454e-06,119.88902979875108,1.7194285101542683e-23,19.981504966458512
2.493,0.00046809060554515975,7.003478459799348e-06,40.39000805093484,3.817894148488607e-07,6.73166800848914
2.4939,0.00047674052170380875,6.352571705726284e-06,39.42368818016882,5.911172508146841e-07,6.570614696694803
2.4948,0.0004833414125119679,4.869299583642437e-06,79.35354602481532,4.858719271926289e-15,13.225591004135886
2.4949,0.0005017127067088805,3.5532921323479783e-06,139.35194884883,1.373122665546979e-27,23.225324808138335
2.4961,0.0004925305429926996,5.963178888805152e-06,53.43508767571789,9.588762429261139e-10,8.905847945952981
2.4968,0.0005017120143662779,6.096056961351567e-06,53.33911197879536,1.002536678414128e-09,8.889851996465893
2.4969,0.0005198996781021004,3.2588163138316346e-06,208.91798889212652,2.3944811976402874e-42,34.81966481535442
2.4979,0.0005110946000104081,6.359270466213734e-06,48.48228305608031,9.464008263562754e-09,8.08038050934672
2.4989,0.0005216560283503435,6.0052163560772555e-06,58.72875145566032,8.154233754069073e-11,9.788125242610054
2.4993,0.0005468545202280568,2.7432592765847116e-06,296.06600524397936,5.696895875160458e-61,49.344334207329894
2.5,0.000536077107290262,6.4260584489012535e-06,52.43342984961497,1.5256421643309457e-09,8.738904974935828
2.5009,0.0005476179999373411,7.186647030276427e-06,57.51325552721502,1.4380794200241023e-10,9.58554258786917
2.5019,0.0005646428236423445,6.530346009098957e-06,63.58344593396768,8.393291717400757e-12,10.597240988994614
2.5029,0.0005757240801105308,6.684080255691163e-06,53.10902748304535,1.1154454769996098e-09,8.851504580507559
2.5037,0.0005835874728989807,7.220414363030002e-06,42.65830878333554,1.3628582030508606e-07,7.109718130555923
2.5049,0.0006054939744372066,8.03835507362251e-06,37.62476248865746,1.3299489816739554e-06,6.270793748109576
2.506,0.0006212144723791159,7.754307113742919e-06,47.36389551053065,1.5830766428532324e-08,7.893982585088441
2.5067,0.0006420543108970398,8.059449230281255e-06,49.353078481481006,6.336017850939394e-09,8.225513080246834
2.5079,0.000667544541052717,7.89663617598668e-06,50.57962598877611,3.597051644847539e-09,8.429937664796018
2.509,0.0006857579750704466,7.24028993857913e-06,67.27632094540971,1.4776582077351939e-12,11.212720157568285
2.5103,0.0007170173964415962,8.420502336674967e-06,60.630764410491835,3.3506176040022034e-11,10.10512740174864
2.5107,0.0007320083976753141,8.560100109674778e-06,68.10800737798304,9.98464578381639e-13,11.351334562997174
2.513,0.0008219561873306465,9.775831224795597e-06,57.767615362770854,1.277172664447405e-10,9.627935893795142
2.515,0.000894444807319796,9.230142493479643e-06,81.51352869472296,1.7387407365030226e-15,13.58558811578716
2.5164,0.0009897123009456306,8.796333123079247e-06,134.5849969327107,1.390107412342981e-26,22.43083282211845
2.5186,0.0011678555262086337,1.0129490295280732e-05,127.9338097715537,3.4993181222596483e-25,21.32230162859228
2.5208,0.0014375089252000753,1.0970409004078767e-05,160.55652142182214,4.514180284591975e-32,26.759420236970357
2.5229,0.0018940483459265552,1.2427114734840157e-05,204.41346189626245,2.1807584051719788e-41,34.06891031604374
2.525,0.0024954815204985058,1.2512855332497707e-05,377.5279099869975,1.889145790537661e-78,62.92131833116625
2.527,0.0029988453671987883,1.2894480018175684e-05,510.6250779634973,4.3220469455230726e-107,85.10417966058289
2.5289,0.003150671262192388,1.5016283326231537e-05,333.11486152484304,6.491420725326525e-69,55.51914358747384
2.5309,0.002833324077272383,1.5013080765411378e-05,277.7887453669051,4.6723251887107855e-57,46.29812422781752
2.533,0.00245439129696624,1.3180434912605723e-05,249.1391415010387,6.264539847349773e-51,41.523190250173116
2.535,0.002186920805256215,1.1553489157310827e-05,320.76647427961143,2.891669436178004e-66,53.4610790466019
2.5368,0.0020350278674832268,1.0185007321986265e-05,308.73418462770906,1.0988279358488291e-63,51.45569743795151
2.5393,0.0019181118179595609,1.250872440963723e-05,198.8138587010052,3.3935915657496497e-40,33.135643116834196
2.5408,0.0019090231495749554,1.2509765041718066e-05,207.29465607180524,5.308885004126315e-42,34.54910934530087
2.5428,0.0019095057471156225,1.246259091381229e-05,198.94690864408065,3.179386917764498e-40,33.15781810734678
2.5448,0.0019529145699889864,1.2678115958162753e-05,237.6113230492885,1.8168192574469766e-48,39.60188717488142
2.547,0.0020237332407665796,1.1588700648974743e-05,242.25864537953123,1.8485984157932385e-49,40.37644089658854
2.549,0.002133232726998724,1.299343853835924e-05,232.6216881217895,2.1111549947585818e-47,38.77028135363158
2.5509,0.002245327321443151,1.2311078818420108e-05,254.65039368803804,4.1590089813607556e-52,42.441732281339675
2.5529,0.002358921269668171,1.0639844741002723e-05,429.19162704126757,1.4739486132244348e-89,71.53193784021126
2.555,0.002491941005576222,1.4134433353228833e-05,312.781379330703,1.4905003071570186e-64,52.13022988845049
2.5569,0.0026627601468145828,1.4296856370402537e-05,268.3610919985005,4.8635283965427966e-55,44.72684866641675
2.559,0.002891648272076589,1.500665768318397e-05,358.34336294857593,2.4950765154051098e-74,59.723893824762655
2.5609,0.0031160897708254723,1.3386332512001027e-05,457.6460374583252,1.10966250008673e-95,76.27433957638753
2.563,0.0033822414024469263,1.9074317876746427e-05,272.5967342496589,6.035247043241727e-56,45.432789041609816
2.5649,0.003688211729376873,1.550858606330231e-05,504.0789900776807,1.1117099546017099e-105,84.01316501294679
2.5669,0.004038872501291334,1.4925556944017438e-05,692.0636553865768,3.1622696174120025e-146,115.34394256442947
2.569,0.0043702164531334905,1.5091088705605959e-05,746.9026537147304,4.54897275535456e-158,124.48377561912173
2.5709,0.004557653977381074,1.6335849549050715e-05,734.1762331793304,2.54996016639368e-155,122.3627055298884
2.573,0.004710403058806839,1.5657553525930162e-05,766.3807234553298,2.8223200475047485e-162,127.7301205758883
2.5749,0.0048537340458995465,1.4570250681529091e-05,920.2701077794055,1.5578064088028832e-195,153.3783512965676
2.5768,0.004971658005071852,1.6042033077959344e-05,832.4444953759509,1.5020417344384746e-176,138.74074922932513
2.5789,0.005054725412579833,1.5348304030210637e-05,929.1572404545673,1.8664952574877027e-197,154.8595400757612
2.5808,0.005104283628542693,1.6327883813536674e-05,824.5811339737577,7.515629279898437e-175,137.43018899562628
2.583,0.005058829070561472,1.5432151172262765e-05,908.4203241652122,5.681054827416601e-193,151.4033873608687
2.585,0.005041736629902467,1.6655135544553628e-05,803.9900534478257,2.1151939372894762e-170,133.9983422413043
2.5868,0.004964401527707494,1.5730984763225053e-05,932.2442961725109,4.013803493765651e-198,155.37404936208515
2.589,0.004912975332899801,1.621255919363893e-05,781.9270681559931,1.236399113976646e-165,130.32117802599885
2.5908,0.004860431234402306,1.503844707124685e-05,908.0367455114623,6.876318707298341e-193,151.3394575852437
2.593,0.004846424259349624,1.6288065608612155e-05,755.193444727983,7.364679070975684e-160,125.8655741213305
2.595,0.0047531902948540145,1.57815272975302e-05,808.0925750190696,2.7473175755099784e-171,134.6820958365116
2.5968,0.004478324166685503,1.4198408256951439e-05,862.4706116365361,4.867422957997675e-183,143.74510193942268
2.5978,0.004311696413568557,1.564696879250496e-05,666.5734982511375,1.0060421522715807e-140,111.09558304185624
2.5991,0.003993596406833993,1.4335474691392065e-05,629.420269350643,1.0487609782330468e-132,104.90337822510718
2.6,0.0037878914059525284,1.4132542700684503e-05,620.8903381542304,7.262962729048745e-131,103.48172302570508
2.6021,0.0032867327319757414,1.3825363345799034e-05,510.9888196410526,3.6084448490263964e-107,85.16480327350877
2.6037,0.002955126866744315,1.2203698133048111e-05,539.5411031719997,2.5369788891690626e-113,89.92351719533328
2.6058,0.002607688434168545,1.156326588248237e-05,397.0523189488713,1.2027213668606958e-82,66.17538649147855
2.608,0.0023087984715969186,1.141156650025326e-05,356.37050372954985,6.617842270696419e-74,59.39508395492498
2.6099,0.002124260656853399,1.0962116259467281e-05,294.58196447331477,1.1845636934450623e-60,49.09699407888579
2.6145,0.001750617916693676,1.0459374986615719e-05,226.24601819367143,4.842293954587669e-46,37.70766969894524
2.62,0.0014633564761080897,9.365006046184938e-06,199.64878613971774,2.2540362051024017e-40,33.274797689952955
2.6244,0.001316726353159159,9.386792441579347e-06,169.8539010898362,4.830383728569117e-34,28.3089835149727
2.6294,0.0011736387250942716,9.665843477215634e-06,137.1118465862584,4.076325105374954e-27,22.851974431043065
2.635,0.001070924608424353,8.382063048058623e-06,88.97916209381353,4.9365569521696196e-17,14.829860348968921
2.6396,0.0010133329389689753,8.001050371699022e-06,117.20266123797217,6.300421936926915e-23,19.53377687299536
2.6449,0.0009721733149880326,8.433250290621698e-06,114.28841870337587,2.5745219023245416e-22,19.04806978389598
2.6494,0.0009645939800861972,7.772042502037223e-06,89.2139815962858,4.412366999020613e-17,14.868996932714301
2.6519,0.0009614223570932906,7.710498222520354e-06,136.96061100948518,4.3869693115772364e-27,22.82676850158086
2.6539,0.0009690401765262328,8.563574475609809e-06,81.33386092722755,1.8939983755951623e-15,13.555643487871258
2.6557,0.0009987669529198102,8.693507473187724e-06,105.0861273765328,2.1745293747555368e-20,17.514354562755468
2.6576,0.0010068683877125068,6.704453095753891e-06,169.9878296592935,4.524555958939795e-34,28.331304943215585
2.6598,0.0010406559803770876,7.3645523008828726e-06,147.13036773668688,3.127280812997288e-29,24.52172795611448
2.6617,0.0010683859564642583,7.626862303807064e-06,135.82606196957008,7.610436065638524e-27,22.637676994928345
2.6639,0.0010908069460543704,1.01162845839132e-05,81.18853187750095,2.029654852289107e-15,13.531421979583492
2.6662,0.0010869833378350001,8.928668247636725e-06,142.94914532195318,2.390074851925092e-28,23.824857553658862
2.668,0.0010669154719938313,8.948889628502162e-06,113.40540360074509,3.942958582652984e-22,18.90090060012418
2.6702,0.0010407364402495016,6.976973445460782e-06,159.31421888559794,8.27330411986061e-32,26.552369814266324
2.6716,0.0010285826416271985,6.910955971706614e-06,151.2950147061865,4.118556051279179e-30,25.215835784364415
2.6738,0.0010135949520143786,6.89484496605538e-06,140.244105418605,8.901103824825441e-28,23.3740175697675
2.6757,0.0010130385882480143,7.822569238236264e-06,129.9911054980641,1.2908897155161344e-25,21.66518424967735
2.6779,0.0010258550138253775,8.638582082489828e-06,106.13903737653935,1.3098585971001662e-20,17.689839562756557
2.6847,0.001121322484889315,7.358643723747342e-06,182.7530085528314,8.827390907134307e-37,30.458834758805235
2.6896,0.0012407065278886818,8.147048436590696e-06,181.49790838211703,1.630999375613637e-36,30.249651397019505
2.6947,0.0014237766440753745,7.611426143716115e-06,294.7503777703707,1.0901367945396324e-60,49.125062961728446
2.6979,0.0015245854011939446,1.124725061047157e-05,176.86017717887339,1.5750419174957798e-35,29.476696196478898
2.6999,0.001666380184730137,8.588339411608634e-06,316.18600495142624,2.7756884364193653e-65,52.697667491904376
2.7029,0.001807748877088309,1.2077476073835828e-05,177.13290314684136,1.378458435211846e-35,29.52215052447356
2.7039,0.0019237572317671698,1.0057628822314115e-05,292.4943726576718,3.316943145258266e-60,48.74906210961197
2.705,0.001946394816540734,1.343575450236601e-05,194.55003268413756,2.7409328408003114e-39,32.42500544735626
2.7059,0.0020363320202093802,1.410705935524673e-05,174.04505200963192,6.2346325585871e-35,29.007508668271985
2.7065,0.002105580410592237,1.5374738548598555e-05,164.09199499004157,8.04537717788874e-33,27.348665831673596
2.707,0.0021441341196305756,1.599920308620676e-05,151.0073544075138,4.737818815700807e-30,25.1678924012523
2.7074,0.002236690359427187,1.1970833811383915e-05,305.71544654107316,4.87484959324143e-63,50.952574423512196
2.7076,0.002206487456301144,1.569914164762338e-05,137.13258966507567,4.035468771930452e-27,22.855431610845944
2.7079,0.002240392606215241,1.6101597644582397e-05,171.9144026112721,1.7656325862576526e-34,28.652400435212016
2.7084,0.002339316006569773,1.1570333083310214e-05,367.2908876454913,2.9885261133570615e-76,61.215147940915216
2.7085,0.0023447543236086803,1.8776362820724173e-05,128.74520864139353,2.3615456598333784e-25,21.457534773565587
2.7087,0.002377468803026413,1.7982071385848254e-05,145.47806726572855,6.986888712976344e-29,24.246344544288092
2.7089,0.002432936878129678,1.178904344512502e-05,397.25251736961053,1.0892514062634923e-82,66.20875289493509
2.7093,0.002460254095150885,2.052705671585852e-05,126.67561545905285,6.437941622843049e-25,21.11260257650881
2.7095,0.0024985243917281016,2.209107573073842e-05,103.58625650140321,4.4751829306434717e-20,17.264376083567203
2.7096,0.002512869448957584,2.470967847681414e-05,91.38934948363422,1.5586864389878756e-17,15.23155824727237
2.7099,0.002543741951382455,1.3836089802620007e-05,305.8405167549804,4.583059738017446e-63,50.9734194591634
2.71,0.0025187526490847347,2.229674709333078e-05,91.72195908417146,1.3292911244078345e-17,15.286993180695243
2.7105,0.002579984213120364,1.7587919111356952e-05,187.27564844777206,9.65511894068948e-38,31.212608074628676
2.711,0.002642646631660764,2.0492057929434564e-05,170.65975714979712,3.2587806304902654e-34,28.443292858299518
2.7114,0.0027128515504161715,1.9618592885143437e-05,138.1050153371673,2.5164182410723846e-27,23.017502556194547
2.7119,0.002759800860800408,1.4376391675734546e-05,318.2168544731656,1.0183647435559114e-65,53.036142412194266
2.7124,0.002852487312142644,2.440581650728394e-05,127.60906624716802,4.095694179585379e-25,21.268177707861337
2.713,0.0029059482883688776,1.885652503280992e-05,212.09197898107158,5.0461556379325575e-43,35.34866316351193
2.7135,0.0029794377878832666,2.0596715754954865e-05,202.34284975997087,6.018370969249699e-41,33.72380829332848
2.7139,0.0030259842959954944,1.3161078817957117e-05,459.2251807850578,5.072980765126342e-96,76.53753013084297
2.7145,0.003109905698335503,1.9464192651186174e-05,239.5036771558926,7.16513867570114e-49,39.9172795259821
2.7148,0.003204730712346012,1.8766960248757936e-05,274.0489349078424,2.950766605412035e-56,45.6748224846404
2.7156,0.00324854880464249,2.2959015974234124e-05,192.53887646161385,7.339777920163312e-39,32.08981274360231
2.716,0.0033401448814351616,1.9084143323746943e-05,234.3281542486874,9.125567240371631e-48,39.05469237478123
2.7161,0.0033401882095767037,2.3496697029990235e-05,204.08097500640537,2.566882935395827e-41,34.01349583440089
2.7165,0.003403416411718446,2.9276094173861847e-05,104.66983917270221,2.6569241244418696e-20,17.44497319545037
2.717,0.0034440790774770405,2.7232180375244132e-05,158.16418098265723,1.4494158424786887e-31,26.360696830442873
2.7174,0.0035375975208031397,2.5315550705579118e-05,171.42921791989454,2.2378481140905127e-34,28.571536319982425
2.7179,0.0035846259571348637,1.3670790662025353e-05,644.6618891276726,5.391605774555932e-136,107.44364818794543
2.7185,0.0036175682612858097,2.8726102259977574e-05,118.02740787725465,4.229270427063945e-23,19.671234646209108
2.719,0.0036552454314614596,1.8493124239376945e-05,396.7276463634802,1.4124068685345354e-82,66.12127439391337
2.7195,0.003648821426716681,3.1140023725890376e-05,129.97034979621984,1.3039460363325694e-25,21.66172496603664
2.7197,0.003746108858081983,2.1078354720876713e-05,273.2647551100574,4.342567057636013e-56,45.544125851676235
2.7199,0.0036770627647330877,3.2271079174543735e-05,131.71655220776404,5.591027130453055e-26,21.952758701294005
2.7201,0.003689186220297465,2.4056226997899703e-05,218.32309994831803,2.3703205166499413e-44,36.38718332471967
2.7203,0.0036940235533391612,2.319189928048872e-05,221.29804458429683,5.5011676674970526e-45,36.88300743071614
2.721,0.003691938945476282,2.410741467265364e-05,227.50313451043144,2.6112128186595024e-46,37.917189085071904
2.722,0.0036360336687533646,1.4507128740300108e-05,546.4427940335265,8.253409536255587e-115,91.07379900558776
2.723,0.0034845962185852575,2.197056019305693e-05,258.3859008049008,6.6127956578110865e-53,43.064316800816805
2.7238,0.00344058106277774,1.7367320563124092e-05,329.9422064789203,3.111794588764093e-68,54.99036774648672
2.724,0.0033051777082287303,2.1727523716098223e-05,211.54089040634136,6.6128627034419625e-43,35.25681506772356
2.725,0.0031456424878857606,1.5547420093244918e-05,327.7472419157901,9.201932031314295e-68,54.62454031929835
2.726,0.0029015541861952964,2.22939671824429e-05,183.547370056222,5.98501279343305e-37,30.59122834270367
2.7269,0.002668938043362696,1.8364515319416078e-05,210.7118645617364,9.931887891729888e-43,35.118644093622734
2.7277,0.0025573058369660713,1.798242583505807e-05,166.21837707906045,2.8500750606116487e-33,27.703062846510075
2.728,0.0024035201666901583,2.2185274601062367e-05,115.69322173653408,1.3063947110023825e-22,19.28220362275568
2.729,0.0021970385463840223,2.212573442119737e-05,113.6720102536913,3.466833574314009e-22,18.945335042281883
2.7301,0.0019729144286611457,1.8999764278875503e-05,88.12707948821206,7.417921872696763e-17,14.687846581368676
2.731,0.001755077986881049,1.3843638833404761e-05,157.43244081715804,2.0706732843165755e-31,26.238740136193005
2.7315,0.001704698914747534,1.8239642602647993e-05,85.65827910373486,2.4113649332058524e-16,14.276379850622476
2.7318,0.0017013951829128629,1.6176272858504314e-05,92.43846028043205,9.432915370632723e-18,15.406410046738676
2.7319,0.001626636082348394,1.9438881544719678e-05,60.510258516259476,3.545040989487847e-11,10.085043086043246
2.732,0.0016044906518841659,1.89963997467656e-05,64.5540471268245,5.3200748053941945e-12,10.75900785447075
2.7325,0.0015309903783006838,2.1847920830601483e-05,53.16615705642991,1.0862795506865334e-09,8.861026176071652
2.7329,0.00148986605922925,1.9998762788387112e-05,54.253650507483115,6.557367610531932e-10,9.042275084580519
2.7335,0.0014134907520106585,2.2272904139374957e-05,34.20061789509287,6.153125110541695e-06,5.700102982515478
2.7339,0.001422342216781346,1.778547260003261e-05,69.2016000491032,5.960676131019907e-13,11.533600008183868
2.7341,0.0013232288589198435,1.8424610539744356e-05,53.75601985526921,8.261912506202415e-10,8.959336642544868
2.7342,0.00128597805316761,1.778650793537097e-05,51.16720363266982,2.741540522513155e-09,8.527867272111637
2.7344,0.0012548853776557748,2.103579975843965e-05,52.14301575356874,1.745320077492074e-09,8.69050262559479
2.7347,0.0012143805513226637,1.7249567918971487e-05,29.199025261676464,5.578087484140814e-05,4.866504210279411
2.7348,0.0012221596738187475,1.2641108000472284e-05,89.75839646411575,3.4011029320406687e-17,14.959732744019291
2.7349,0.0012702067164086788,2.017384248406035e-05,35.46354425835498,3.5039097996467974e-06,5.91059070972583
2.735,0.0012424896420207487,2.221883085074254e-05,37.44643644523111,1.440954265637717e-06,6.241072740871851
2.7353,0.0012034250013282536,2.0122570342749376e-05,28.503661631500304,7.550669543913872e-05,4.750610271916718
2.7354,0.0012105525579159159,2.0947484294123573e-05,26.99407074029745,0.00014517838875007985,4.4990117900495745
2.7355,0.001187405066914169,1.951821085129068e-05,50.70116455664953,3.400614927934951e-09,8.450194092774922
2.7358,0.0011618400469873983,2.2072676663839918e-05,25.56855953428734,0.0002678401592104398,4.26142658904789
2.7359,0.0011650229166990434,2.1826366538714566e-05,23.582603709503218,0.000623086613241163,3.9304339515838698
2.736,0.001134694854325697,1.77120572041711e-05,43.37352046727016,9.83824532647365e-08,7.22892007787836
2.7362,0.0011446580068132184,2.4082817062353418e-05,15.548835502018376,0.016391717514937124,2.5914725836697294
2.7364,0.0011604100661479267,2.6378029238990336e-05,11.012986214426219,0.0879759059386181,1.8354977024043697
2.7365,0.0011052924330003208,2.7760151599871093e-05,24.171352802648414,0.0004856782535444218,4.028558800441402
2.7367,0.0011012153147079936,7.6083847684324074e-06,208.00137466798728,3.753782060451714e-42,34.66689577799788
2.737,0.0010915494955889965,7.509470765059754e-06,206.64371160929323,7.305478728743493e-42,34.44061860154887
2.7374,0.0010502235510648414,8.134243182438659e-06,168.52880386109192,9.225724020585258e-34,28.088133976848653
2.738,0.0010048103362603686,9.220981404794625e-06,140.26942156885514,8.792271269627564e-28,23.378236928142524
2.7383,0.0009773666247387034,9.234593670740638e-06,93.100216878434,6.870840038097942e-18,15.516702813072333
2.7384,0.0009411978981864639,1.3830496000032333e-05,50.19777977367342,4.2908350083154834e-09,8.36629662894557
2.7389,0.0009193804992737244,6.807476906193049e-06,164.08634585936076,8.067585256550649e-33,27.34772430989346
2.7391,0.0008978888869556809,8.904336301716745e-06,99.2707493371123,3.5618701807330266e-19,16.545124889518718
2.7393,0.0009242194777782463,7.0202736534684765e-06,156.3212714244699,3.558975993614527e-31,26.05354523741165
2.7395,0.0008848542707670492,7.456894338452561e-06,133.24328465660682,2.6657827893844424e-26,22.20721410943447
2.7398,0.0008522673333369352,1.0200761112337701e-05,64.58504259116714,5.24313715575838e-12,10.764173765194522
2.74,0.0008896995810945936,8.243865385207879e-06,132.90801511161405,3.136694152556149e-26,22.151335851935674
2.7403,0.0008267133455459586,1.2583145662768281e-05,41.09799517623979,2.769759993044027e-07,6.849665862706632
2.7407,0.0008371351650343673,9.541760202865205e-06,80.98214372388985,2.2391461405334266e-15,13.49702395398164
2.7408,0.0007933606448349919,1.2793994517196637e-05,44.490750864615485,5.90748088250465e-08,7.415125144102581
2.7412,0.0008262967852011529,9.004513125966947e-06,86.45866996197688,1.6457017592263345e-16,14.409778326996147
2.7414,0.0007760984424036092,9.226072401572211e-06,78.9331574465522,5.933497333685262e-15,13.155526241092034
2.7417,0.0008062570320863116,8.591976811304551e-06,88.58577342499271,5.957792449585686e-17,14.764295570832118
2.7419,0.000753116224500555,1.0735489706902587e-05,55.72748725137103,3.304655529396445e-10,9.287914541895171
2.742,0.000815693190863569,7.894399742025931e-06,103.04611872740799,5.802926396926641e-20,17.174353121234663
2.7423,0.0007450850438593239,1.0097218803463668e-05,66.53961457693421,2.0905918214193255e-12,11.08993576282237
2.7425,0.0007968271727646424,5.254306429842353e-06,220.9481097872845,6.532510496833507e-45,36.824684964547416
2.7428,0.0007412585922929947,8.898976973140464e-06,82.88283250535233,9.05758412013669e-16,13.81380541755872
2.7429,0.0007790478937263957,7.389009620983298e-06,96.71515400355109,1.214582586846412e-18,16.11919233392518
2.7432,0.0007210261584210307,6.289644060682185e-06,177.18955904853922,1.3408050623444924e-35,29.531593174756537
2.7438,0.0007590589488770288,7.260940783795233e-06,117.14731355059894,6.471201943710574e-23,19.524552258433157
2.7453,0.0006708058449402967,1.1182932865594448e-05,50.777419853990544,3.282864152687346e-09,8.462903308998424
2.7456,0.0006791196717727779,1.0439033017555616e-05,55.125301110704406,4.3731259594653687e-10,9.1875501851174
2.7459,0.0006768476225339456,8.17505959437185e-06,78.72836316301876,6.540063087497078e-15,13.121393860503126
2.746,0.0007131712387527771,7.681166331313133e-06,102.73231356727241,6.748252196610387e-20,17.12205226121207
2.7478,0.0007043892827028865,7.564301632197609e-06,113.08864755142488,4.594289108131795e-22,18.848107925237482
2.748,0.0006550707251345475,1.2039671571357386e-05,29.196166042372457,5.585048046895834e-05,4.866027673728743
2.7499,0.0006962743001793664,6.120096735355588e-06,140.05835296394295,9.741923571091206e-28,23.343058827323826
2.7515,0.0006659755333031016,1.1292173280459075e-05,45.489954730853086,3.7399426900261596e-08,7.581659121808848
2.752,0.0007075215033327432,8.61552424900701e-06,88.2998317276716,6.830178460634221e-17,14.7166386212786
2.7539,0.0007116817742187104,6.923419555044023e-06,132.02523558680366,4.813536032110562e-26,22.004205931133942
2.7557,0.0006888031553355563,1.2552930678383826e-05,30.945052292889937,2.5969003040428367e-05,5.157508715481656
2.7578,0.0007516853281872689,7.0491816843977915e-06,150.4663859209435,6.165558031706739e-30,25.07773098682392
2.7579,0.0006967738279205497,1.1067354465472032e-05,47.769273741757935,1.3139153536697944e-08,7.961545623626322
2.7585,0.0007001369843917283,1.1547826097119814e-05,47.53735500270621,1.461764784427639e-08,7.922892500451034
2.7589,0.0007177137402871699,1.2515903674520711e-05,40.281681245197404,4.0098598794460807e-07,6.713613540866234
2.7593,0.0007150040171687329,8.475889355077829e-06,76.39416886314909,1.9814226166214743e-14,12.732361477191516
2.7604,0.0007301903380273619,1.06259856650098e-05,75.41867470807428,3.147270628280991e-14,12.569779118012379
2.7609,0.0007330172025951544,1.2914393542770995e-05,45.01463937023052,4.648969521099512e-08,7.50243989503842
2.7614,0.0007430212566332538,9.73172358643261e-06,66.13584899555416,2.5282397120661732e-12,11.022641499259025
2.7618,0.0007836245908065017,7.4910020967728285e-06,118.75070108536318,2.981407632062793e-23,19.791783514227195
2.7619,0.0007363096659191356,1.1291135806254684e-05,48.39845665064833,9.836408325296674e-09,8.066409441774722
2.7629,0.0007468627853701524,1.3920758063783025e-05,37.20403477437713,1.6067445823288766e-06,6.200672462396188
2.7638,0.0008032154457821556,8.05091353704615e-06,111.95747821924364,7.929976921467302e-22,18.659579703207275
2.764,0.0007639828283845817,1.3165969189532024e-05,37.23074291309949,1.5875859417650437e-06,6.205123818849915
2.7658,0.0007818453616388679,1.1107951721214313e-05,90.68087821430626,2.1877111182812344e-17,15.113479702384376
2.7659,0.00082548664056981,8.182606494065563e-06,138.98309598463922,1.642614525176543e-27,23.163849330773203
2.7677,0.0008478664368780336,7.929576813047789e-06,128.94517063830324,2.1433951711095645e-25,21.49086177305054
2.7696,0.0008334445627445134,6.1082808196491055e-06,208.61223538845056,2.7819224951272806e-42,34.76870589807509
2.7699,0.0008687329673916753,8.425751756582249e-06,110.06108277137179,1.9792356084635537e-21,18.34351379522863
2.7719,0.0008990535727939304,8.335491414961695e-06,132.88887030182235,3.165965469058779e-26,22.148145050303725
2.7745,0.0009191550566163576,1.3671411147282654e-05,48.25924019229267,1.0487408135639402e-08,8.043206698715446
2.7759,0.0009671016806016298,9.581221044928411e-06,82.45787501638843,1.109005569442447e-15,13.74297916939807
2.7797,0.0010377605096855858,1.1248519848842727e-05,82.96617641344193,8.704952927232299e-16,13.827696068906988
2.7799,0.0010326183044923635,9.817599288470758e-05,1.771419391180168,0.9394754906823543,0.29523656519669467
2.7838,0.001101333565724032,9.21772448516368e-06,149.0422108128637,1.2333261977093024e-29,24.840368468810613
2.7878,0.001193853075109259,1.1375895936119846e-05,84.90786284433503,3.4494506821637954e-16,14.151310474055839
2.7901,0.0011969746614073158,1.2153366757565604e-05,97.70290230889951,7.561094472180831e-19,16.28381705148325
2.7918,0.0012841463010476494,1.2101480658677253e-05,107.32417187431308,7.401843872458641e-21,17.88736197905218
2.7959,0.0013858140898770318,1.4969893255844709e-05,74.06160337692151,5.987813962781742e-14,12.343600562820251
2.7992,0.0014638796671161908,1.1876296982891654e-05,108.69580575562733,3.822255972589749e-21,18.115967625937888
2.7997,0.0014455490122659172,1.560585764672077e-05,75.12767567802804,3.6128916480919224e-14,12.52127927967134
2.8019,0.001493702927250553,9.588545980019484e-06,227.91386854901447,2.1340543862413077e-46,37.98564475816908
2.8026,0.0015260335351700589,9.212027544122535e-06,258.9508144709695,5.00723451409588e-53,43.15846907849491
2.8035,0.0015796928495311452,1.6110321390805702e-05,92.78823587764823,7.978160770879872e-18,15.46470597960804
2.8036,0.001544263964878772,1.7223606790348613e-05,68.9676686818196,6.656361626354025e-13,11.494611446969934
2.8045,0.0015839226053292537,1.1595329655434528e-05,190.2518551808252,2.2492237012388556e-38,31.708642530137535
2.8048,0.0016396797774032273,1.757034012643725e-05,70.5259509353859,3.189417340921356e-13,11.754325155897648
2.8051,0.001672812917823228,1.8251668288293616e-05,82.67040018569705,1.002227181303513e-15,13.778400030949507
2.8053,0.0016946718621361876,1.842729981316608e-05,95.97683963358102,1.730740167730645e-18,15.99613993893017
2.8058,0.001744404256530382,9.59836386648118e-06,337.2815795885243,8.284784863338302e-70,56.213596598087385
2.8061,0.0017599793627048345,1.8265136878727484e-05,79.66327611028423,4.193372178788062e-15,13.277212685047372
2.8062,0.001772102862839829,1.8794318383709083e-05,84.53622514998287,4.1184118179043173e-16,14.089370858330478
2.8065,0.00174503215624561,1.920660845397141e-05,79.5382175773915,4.450298622670219e-15,13.256369596231918
2.8071,0.0017509838329074386,1.9085714866155903e-05,69.42294287182676,5.369395544142042e-13,11.570490478637794
2.8076,0.001719105541463448,1.7273113458393677e-05,115.90077555716317,1.1817746069642113e-22,19.316795926193862
2.8077,0.0017178483352545016,1.2550858321109002e-05,175.45749301130803,3.1263913860878797e-35,29.24291550188467
2.808,0.0017314368504033493,1.8131879171111346e-05,97.93192298465057,6.774005496919519e-19,16.321987164108428
2.8085,0.0017455404638241935,1.8285163350516265e-05,102.68190314928313,6.91384700746446e-20,17.113650524880523
2.809,0.0017478885698950857,1.8594990085251135e-05,87.05549428232814,1.2376277579218258e-16,14.50924904705469
2.8094,0.0017580116537660694,9.321855125602943e-06,320.41033971172567,3.4476518713328964e-66,53.40172328528761
2.8116,0.0018501662246786029,1.1751147378306578e-05,231.79065002007317,3.1761129689649955e-47,38.63177500334553
2.8139,0.0019752722846030934,1.4202578914459607e-05,177.33899431499236,1.2463503891597472e-35,29.556499052498726
2.8159,0.002076495413589097,1.4070277623025887e-05,180.63277971928758,2.4900599822776214e-36,30.10546328654793
2.818,0.002131544389068993,1.3595141530588653e-05,213.63222385177778,2.3698819229091075e-43,35.60537064196296
2.8196,0.002128084819936746,1.4455100477636016e-05,198.8076665470953,3.4039047584726722e-40,33.13461109118255
2.8218,0.0021045883607385377,1.3357541920491449e-05,245.82532438262584,3.1984437532265274e-50,40.970887397104306
2.8242,0.0020830533471072822,1.3142032546639765e-05,230.14021221892853,7.147116921426146e-47,38.35670203648809
2.8264,0.0020744621176304314,1.6389254152681555e-05,154.7748652029995,7.5613372874865835e-31,25.795810867166583
2.8294,0.0021261900878476185,1.3118543600787465e-05,241.5683676809553,2.5958316438692693e-49,40.26139461349255
2.832,0.00218437132079301,1.1241626881776999e-05,341.12575816694374,1.2396931658311913e-70,56.85429302782396
2.8346,0.002271799683818888,1.741368279153509e-05,156.28150041523784,3.628632929939042e-31,26.046916735872973
2.8373,0.0023588746492084222,1.5248011437112945e-05,229.2879551127967,1.0864298328344467e-46,38.21465918546612
2.8396,0.0024989399395144935,1.5124006175873895e-05,229.65594499063374,9.067226404947429e-47,38.27599083177229
2.8399,0.0024760029847007595,1.6060739698949017e-05,230.39253692749682,6.313683428304648e-47,38.398756154582806
2.8404,0.002483639599950816,1.5591014380166444e-05,205.14243537975563,1.525368621865761e-41,34.19040589662594
2.8407,0.0025259795903821106,2.08980890959054e-05,158.502572584137,1.2289808541167055e-31,26.4170954306895
2.841,0.0025756318488270712,2.1237826508546462e-05,118.02945384771331,4.2250901550278934e-23,19.671575641285553
2.8413,0.002563118762629408,2.2763889527865004e-05,129.93560191271771,1.326100222484033e-25,21.655933652119618
2.8416,0.002576041457596608,2.3117063890933318e-05,125.24323650124109,1.2884377884552087e-24,20.873872750206846
2.8418,0.0025926620000675834,2.3448335518700516e-05,107.02071862262943,8.566836036656067e-21,17.836786437104905
2.8419,0.0026209351500811424,1.4309263838680351e-05,301.3429844809986,4.216956702599292e-62,50.2238307468331
2.8434,0.0027762216947321674,1.6693408482102707e-05,234.66726239228873,7.724472490337139e-48,39.11121039871479
2.8464,0.0029704381739505507,1.9467881838357868e-05,199.6990240502709,2.1992176492751714e-40,33.28317067504515
2.8515,0.0035272483648421593,1.7602793973105946e-05,339.10412503418866,3.366462177600554e-70,56.517354172364776
2.8537,0.0039017824211427248,1.9943476268211564e-05,368.01254278886256,2.091449061138664e-76,61.33542379814376
2.8557,0.004217856899133898,1.735152810927624e-05,548.3581517555925,3.1896780384044e-115,91.39302529259875
2.858,0.00444794424112196,2.0626124143177284e-05,439.9110706153523,7.279699013051815e-92,73.31851176922538
2.8585,0.004539779202781283,2.68274709825049e-05,263.6884596025874,4.8580114029582043e-54,43.94807660043123
2.859,0.004626270470461177,1.9955767851039294e-05,485.4346041522773,1.1533605313386835e-101,80.90576735871288
2.8594,0.004697471927996277,2.744602878917631e-05,235.70837847524712,4.6302632107866283e-48,39.28472974587452
2.8595,0.004870134887580501,2.126985228151839e-05,504.0882379739642,1.1066217740401253e-105,84.01470632899404
2.8618,0.005267150817293009,1.0089331955816526e-05,2364.4513977629285,0.0,394.0752329604881
2.8659,0.006058025397801587,3.368443513162426e-05,285.07092804972643,1.2898642837908822e-58,47.51182134162107
2.8675,0.006171572986818223,2.8726511737808462e-05,421.69502810205097,6.041079484932533e-88,70.28250468367516
2.869,0.006406287498753779,3.0325255485467948e-05,454.27038458784085,5.912923489829974e-95,75.71173076464014
2.8699,0.006420965107956033,3.0326368583384355e-05,428.8725227459876,1.7263622660714058e-89,71.47875379099794
2.8704,0.006454659987574455,3.5206741083121445e-05,318.13495072756393,1.0603917589922512e-65,53.02249178792732
2.871,0.006474764638753654,2.5025568219879513e-05,616.5822347948769,6.174166455891107e-130,102.76370579914614
2.8711,0.006497544105771429,3.249351759282612e-05,376.00245646291006,4.0180506124308115e-78,62.66707607715168
2.8716,0.006486776251384343,3.1495000120839186e-05,464.9834322875564,2.92180693284306e-97,77.49723871459274
2.8719,0.006482820966935502,3.334508964620132e-05,336.8055348492954,1.048174306101306e-69,56.1342558082159
2.872,0.006506320323033417,3.5537994212998125e-05,350.40240790174056,1.2649857606113903e-72,58.40040131695676
2.8722,0.006545480707701498,3.414841161694855e-05,324.6366187072206,4.276711684636334e-67,54.1061031178701
2.8725,0.006607788788461606,3.7375573385212574e-05,300.1056489311267,7.764850153056839e-62,50.01760815518779
2.8728,0.006491413378726702,4.281173504008879e-05,212.68528586330874,3.771631426277612e-43,35.44754764388479
2.873,0.006543660406078493,3.1831992899048937e-05,409.3265775319476,2.7615751451462184e-85,68.2210962553246
2.8732,0.006468177417320522,3.682509145776353e-05,269.99199125139046,2.177858944482335e-55,44.99866520856508
2.8734,0.0065053598557025935,3.7258068490834296e-05,281.5580218795852,7.288998735245533e-58,46.92633697993087
2.8739,0.006371252106462564,2.9718082951619998e-05,450.06584316457617,4.750789763034117e-94,75.01097386076269
2.874,0.006404041880462207,4.301814227234687e-05,202.15525843743197,6.598059355790084e-41,33.69254307290533
2.8749,0.006398768763366098,4.0808097946117836e-05,222.07168881406022,3.7623922102948905e-45,37.011948135676704
2.8758,0.00617412758326334,2.154553289910005e-05,737.1432020168402,5.831198996793013e-156,122.85720033614002
2.876,0.006272713198195613,1.5345907428524713e-05,1585.203182636624,0.0,264.20053043943733
2.877,0.005968344444119106,2.3963699944511545e-05,576.9605444851546,2.171814652128928e-121,96.16009074752577
2.878,0.005850882319150583,3.0041347313975796e-05,351.93822485246386,5.920580693914202e-73,58.65637080874398
2.8789,0.005750375993750751,1.956031490294167e-05,797.2243780177591,6.125987006336319e-169,132.8707296696265
2.88,0.005681395935424383,2.185981907884027e-05,615.239328110887,1.2030928012041767e-129,102.53988801848116
2.8808,0.0053959178062256185,3.455271071476988e-05,222.49327657044446,3.058792531879245e-45,37.08221276174074
2.8849,0.004740736999855111,3.326804970243679e-05,179.74674628787406,3.840483147017725e-36,29.95779104797901
2.8888,0.0041799580969571724,2.2178106338937066e-05,359.90340635040013,1.1536575694519455e-74,59.98390105840002
2.8927,0.0037371490188936127,2.9970980954737872e-05,142.35069749968704,3.197200985988898e-28,23.725116249947842
2.8967,0.0032280004202367893,3.831588657817605e-05,78.06474217575281,8.96437805221629e-15,13.01079036262547
2.9008,0.002871335719105679,3.54129938404847e-05,49.202381655659366,6.791896001580573e-09,8.200396942609894
2.9044,0.002781265482974469,1.885301064203556e-05,184.48666155822028,3.779949177651671e-37,30.747776926370047
2.9048,0.002882514571885834,2.1888262781594442e-05,137.6237263647661,3.1791066188319634e-27,22.937287727461015
2.9058,0.0034461021438608828,4.537427510014158e-05,50.90146027823786,3.0999448649740902e-09,8.483576713039644
2.9059,0.0037558003144451744,2.2027908467114294e-05,235.489718098754,5.155702847541304e-48,39.24828634979233
2.9064,0.003672902669853387,4.502198644377544e-05,65.37243794649972,3.620866851719521e-12,10.89540632441662
2.9068,0.003868481456540419,3.80160040709977e-05,108.85991621372254,3.5315875394772534e-21,18.143319368953758
2.9071,0.003675889660725017,4.8141716999555206e-05,51.328363811297464,2.544628332124287e-09,8.554727301882911
2.9074,0.003422321887233592,3.039725404146911e-05,118.59168309807508,3.219640500064032e-23,19.765280516345847
2.9079,0.0034066581907104053,1.8395741489594516e-05,314.4840866928796,6.431012645898148e-65,52.41401444881327
2.9085,0.0034090582665874435,2.2628515401424414e-05,202.583421726969,5.348860874033699e-41,33.7639036211615
2.909,0.0033089561229821818,1.550170993629429e-05,385.2548359040328,4.129434828401617e-80,64.2091393173388
2.9095,0.003162740698980891,1.5455376324635178e-05,317.9051991963893,1.187770937042051e-65,52.98419986606488
2.91,0.002982502103671898,1.4892069631928647e-05,320.30249204042593,3.6362325177175297e-66,53.38374867340432
2.9103,0.0028387281607878114,1.4589670552136505e-05,347.99747657914406,4.15300183577983e-72,57.99957942985734
2.9115,0.0024350477925867402,1.2877022819356897e-05,296.6796907918687,4.20886087090074e-61,49.44661513197812
2.9125,0.0021439536502053124,1.3887412778432567e-05,173.19704958617282,9.435365401177017e-35,28.866174931028805
2.9134,0.0018716256432603719,1.1785286123057411e-05,189.55492607482898,3.163842076202394e-38,31.592487679138163
2.9139,0.0017894577631222728,1.1111851521192588e-05,263.6425150014735,4.9691838676754724e-54,43.94041916691225
2.9145,0.0016960288914844126,1.4543688142937403e-05,111.3691060249527,1.0532718990604617e-21,18.56151767082545
2.915,0.0016364405547043036,1.556534320842134e-05,96.62716429129571,1.266950158359133e-18,16.10452738188262
2.9154,0.0016061591559289557,2.246293609261037e-05,44.16300875337512,6.861785608688097e-08,7.360501458895853
2.9155,0.0015990034635986023,1.8814664238365103e-05,77.64086307262855,1.0963684480946066e-14,12.940143845438092
2.9157,0.001557788474434687,2.5878951453135735e-05,34.23054803695362,6.07172586594491e-06,5.70509133949227
2.9158,0.0015494846279098993,2.111186963090173e-05,48.92149586222527,7.730612459546704e-09,8.153582643704212
2.916,0.0015192685279035115,1.8294664895661716e-05,60.262787541623986,3.9803106505324905e-11,10.043797923603998
2.9165,0.001466941542213896,1.2931967063103903e-05,141.3897875787332,5.100686910669542e-28,23.564964596455535
2.9169,0.0014554907191732893,1.103015034060093e-05,164.9375333393386,5.325373028267579e-33,27.489588889889763
2.9175,0.0013947924374061388,6.821103939076952e-06,369.3127262218978,1.099417723527376e-76,61.55212103698296
2.9179,0.0013444098016831363,1.0348788734621282e-05,140.92620127976377,6.38973667043399e-28,23.487700213293962
2.9184,0.0013302441158083054,6.474931213727705e-06,340.70186554616896,1.5285781627399355e-70,56.783644257694824
2.9189,0.0012968488748899816,6.5467316342109795e-06,349.66908530891857,1.8176711839802952e-72,58.27818088481976
2.9195,0.001267320619423844,5.773414800120602e-06,419.3428111140252,1.9366740295187882e-87,69.8904685190042
2.9199,0.0012283912001241606,6.769073317982008e-06,272.6705495902314,5.819687958828906e-56,45.4450915983719
2.9204,0.001210345112037222,6.722738199681703e-06,240.44527776881986,4.5096034889109825e-49,40.074212961469975
2.9208,0.0011844724175441592,7.095298100143514e-06,247.1047029289938,1.7045015225691763e-50,41.1841171548323
2.9214,0.0011592725029148207,6.213895705795076e-06,254.6017774753056,4.259731210219706e-52,42.4336295792176
2.9219,0.0011437686305072019,6.938644538236811e-06,238.3501250442609,1.2634462027389397e-48,39.72502084071015
2.9225,0.0011191486597817947,6.949013487426587e-06,190.46110784532908,2.0301998643065186e-38,31.743517974221515
2.923,0.0010932361995650986,8.031752843297273e-06,135.9782180367153,7.06850287269057e-27,22.66303633945255
2.9235,0.0010730883871510903,7.766898714291959e-06,148.69802177970018,1.4582649546651749e-29,24.78300362995003
2.9258,0.0010016624393061142,6.814752132040883e-06,189.11375305935516,3.926555604600554e-38,31.51895884322586
2.9298,0.000890598310629425,7.178339685120935e-06,142.21199109703184,3.4202258417010684e-28,23.701998516171972
2.9397,0.0007284584622459162,6.342295552017423e-06,105.48259059626233,1.7967311359841924e-20,17.58043176604372
2.9501,0.0006461780896954668,6.559511272888034e-06,66.63325080387655,2.000420123711247e-12,11.105541800646092
2.9597,0.0005723735683300629,6.500457428155246e-06,62.112150732006775,1.673905637298868e-11,10.352025122001129
2.9698,0.0005053735787449955,5.620969739192034e-06,49.97846620707523,4.7480293370559535e-09,8.329744367845871
2.9798,0.0004876784026905974,6.48102342431497e-06,48.866420651188754,7.929299696527486e-09,8.144403441864792
2.9897,0.0004988122097278336,6.720732615150045e-06,45.26394933485525,4.147680275280555e-08,7.543991555809208
2.9984,0.00059354759265991,1.2849315554552484e-05,21.72189766308885,0.001359674228362738,3.620316277181475
2.9999,0.0006212462836282045,1.0249104271483198e-05,34.27753286327898,5.946094349207754e-06,5.71292214387983
3.0035,0.0007226319112749484,1.0372468909432757e-05,28.862234245490512,6.459966090484849e-05,4.810372374248419
3.0076,0.0008143175856506057,1.2629938331918202e-05,44.16464793937763,6.856650043865876e-08,7.360774656562938
3.0095,0.0008631130514001245,1.0456740254797492e-05,50.923878990099176,3.067985466569894e-09,8.487313165016529
3.0108,0.0008830249716384077,1.5020596972069155e-05,39.18599381274854,6.581146727666944e-07,6.530998968791423
3.0112,0.0009032559619524443,1.5037237825091907e-05,29.967444121863423,3.9872607232271756e-05,4.99457402031057
3.0116,0.0009102627995393138,1.568406756629612e-05,26.23529306004471,0.00020125499734398265,4.372548843340785
3.0118,0.0009286490721343118,1.3848177780110327e-05,40.36749091738329,3.857029267396749e-07,6.727915152897215
3.012,0.0009321500556492554,1.5867451095481236e-05,28.72063764955616,6.87068526167998e-05,4.786772941592694
3.0122,0.0009335196862911226,1.3484918960452815e-05,38.59003972077146,8.611552112415747e-07,6.431673286795243
3.0125,0.0009356690394246949,1.5136268386935e-05,32.03638775429354,1.605760173378907e-05,5.339397959048924
3.013,0.000920461694648873,1.4667774005912692e-05,34.22159031171707,6.095974964171458e-06,5.7035983852861785
3.0134,0.0009221128276887417,1.4798824127303794e-05,30.764042274703932,2.811857607151884e-05,5.127340379117322
3.0139,0.000879759695483299,1.375120196280496e-05,60.35202340266071,3.8175290395318526e-11,10.058670567110118
3.0145,0.0008560940772621456,1.5454212255770514e-05,25.927263043371326,0.00022969671386779435,4.321210507228554
3.015,0.0008161028572716847,1.1895904219603176e-05,47.34968737595235,1.593446810550286e-08,7.891614562658725
3.0156,0.0007815737963204877,1.1089042172854586e-05,53.86202077056977,7.86521185155101e-10,8.977003461761628
3.016,0.0007485977566655103,1.2261215512566314e-05,30.612737959719695,3.004991166752443e-05,5.102122993286616
3.0165,0.000747485378903211,1.0204977365876205e-05,36.16753163000429,2.557462742346348e-06,6.027921938334049
3.017,0.0007232774550232045,8.93483420947683e-06,42.80618152240292,1.2741076118207027e-07,7.134363587067154
3.0176,0.0006986326059605235,9.606430145455917e-06,42.83234518972263,1.2590146437528004e-07,7.138724198287105
3.0181,0.0007024370517840197,1.2696744984380245e-05,18.843530424913098,0.0044362108559670935,3.140588404152183
3.0185,0.0006851698846704124,1.2682459680422653e-05,18.02891690504603,0.0061603352252972855,3.0048194841743388
3.0195,0.0006798784325217351,1.3602238183407032e-05,12.758929404029226,0.04702795975428896,2.126488234004871
3.0217,0.0006231462825457289,1.301122923437298e-05,17.1688591903172,0.00868229057332752,2.8614765317195334
3.0254,0.000570744264526941,1.225745570865556e-05,17.39099002776546,0.007948773119964354,2.8984983379609104
3.0294,0.0005474758171303993,1.137784468741609e-05,18.18916556898891,0.005776447088626835,3.0315275948314846
3.0315,0.000547925377324644,9.322998351689743e-06,30.423567697771404,3.265029587140678e-05,5.070594616295234
3.0325,0.0005563259639937206,1.2920079271228399e-05,11.124707136306693,0.08459783242240064,1.8541178560511156
3.0331,0.0005452196129829972,1.2223015998634348e-05,9.016607805231144,0.17264621182647139,1.5027679675385242
3.0335,0.0005518934758307478,1.0633189824079876e-05,34.68156544602935,4.966936856290864e-06,5.7802609076715585
3.0338,0.0005454737559740314,9.072895898104278e-06,36.53632776156999,2.1679841623502276e-06,6.089387960261665
3.034,0.0005549317925009375,1.2526029333612869e-05,11.518996559793347,0.07360090528018327,1.9198327599655578
3.0343,0.0005661475901185606,1.6089252390194327e-05,9.598094499125299,0.14262957110464397,1.5996824165208832
3.0345,0.0005911754392721034,1.761216122756234e-05,9.211069958654484,0.1620509861182552,1.535178326442414
3.0354,0.0005527130028701937,1.426509901757086e-05,17.818089767189882,0.006703247127324796,2.9696816278649805
3.0365,0.0005511622059121785,1.2782978771354347e-05,17.832375682689875,0.006665038719708818,2.9720626137816457
3.0375,0.0005603565658197018,1.3481589812766056e-05,11.906461102960328,0.06408837130465278,1.9844101838267214
3.0385,0.000569710153899677,1.3736734015428674e-05,16.245293745575868,0.012496211771701814,2.707548957595978
3.0395,0.0005584010896929395,1.0561868989816046e-05,31.779315808113886,1.7986255140146048e-05,5.296552634685647
3.0415,0.000588496272657523,1.2405944616059493e-05,19.8776135245069,0.0029117586180333783,3.3129355874178166
3.0454,0.000618282881315788,1.3674103813509072e-05,21.638234844101987,0.0014078454510657618,3.606372474016998
3.0495,0.0006654635511300571,1.3477562924161058e-05,19.55261873232594,0.003325344534437204,3.25876978872099
3.0535,0.0007561419298871254,1.4256805865581667e-05,26.873969367370595,0.00015289503863297112,4.478994894561766
3.0575,0.0008842595110558877,1.5756683474530698e-05,26.206973737811488,0.00020371775446587954,4.367828956301914
3.0595,0.0010327853730259285,1.6450088951125694e-05,31.537902576769643,2.0005756856115096e-05,5.2563170961282735
3.06,0.0010878542076054837,1.8046720628743367e-05,35.602026521518496,3.293651021698452e-06,5.933671086919749
3.0605,0.0011449217501689765,1.9631873723547558e-05,32.966437345406746,1.0642909736871256e-05,5.494406224234457
3.0608,0.0011854079841938153,1.8406753156475547e-05,31.296272889432753,2.2251847250700415e-05,5.2160454815721256
3.061,0.0012002466302809874,2.0556190029124365e-05,33.94789250505663,6.885062954778818e-06,5.657982084176105
3.0613,0.0012246156351264125,2.0369278384804613e-05,51.68781886928267,2.154748298585562e-09,8.614636478213779
3.0615,0.001262296141101359,2.055370770190292e-05,31.477460282828815,2.0545590838670656e-05,5.246243380471469
3.0618,0.0013167471050668643,2.0690343043204977e-05,43.955509023268554,7.54378757676547e-08,7.325918170544759
3.0621,0.0013688041994177247,1.903103764470754e-05,52.34446667277146,1.5898346997482523e-09,8.724077778795243
3.0623,0.0013764725799790736,2.052450595095725e-05,52.70575295236793,1.3447676632932366e-09,8.784292158727988
3.0626,0.0014275439410704333,2.197307474208241e-05,42.66310586829892,1.3598847661702128e-07,7.110517644716487
3.0627,0.00144448411518575,2.2340175332620418e-05,29.48573033218789,4.9219973399160765e-05,4.914288388697982
3.063,0.0014608776633935694,1.2684217394197344e-05,127.59710525682645,4.1195015873057494e-25,21.266184209471074
3.0632,0.001499143801111408,1.210471956698129e-05,155.54915336658934,5.184927105377319e-31,25.924858894431555
3.0635,0.0015204083932276891,1.2972145283537276e-05,116.33698848097364,9.572359565800521e-23,19.389498080162273
3.0637,0.0015156457537320966,1.3520021199366147e-05,113.7288734958095,3.3729667123071684e-22,18.954812249301582
3.064,0.001527976320558528,1.5133311696560673e-05,98.85958986349154,4.339382806907853e-19,16.476598310581924
3.0643,0.0015287203173023857,1.294276503393741e-05,124.84505262789423,1.5624506516027561e-24,20.807508771315707
3.0645,0.001521604803279272,1.3400842384420994e-05,156.2496986437033,3.6853114686426017e-31,26.04161644061722
3.0648,0.0015103172816858593,1.2995228712654372e-05,135.6919165177102,8.122565640166962e-27,22.61531941961837
3.065,0.0015343140213602174,1.3086282576236622e-05,126.89508292841656,5.788554334503319e-25,21.149180488069426
3.0653,0.0014999100460770332,1.276184866205525e-05,129.72887503576064,1.465901511865403e-25,21.621479172626774
3.0655,0.001511361166531853,1.277000740951446e-05,134.82209887481702,1.2389920115425833e-26,22.470349812469504
3.0657,0.0014943135843075157,1.4796300352575698e-05,97.92170563726688,6.807308570822953e-19,16.320284272877814
3.0661,0.0014850535009094563,1.203605967076407e-05,137.57224040843573,3.259604006403946e-27,22.92870673473929
3.0666,0.0014731043799708437,1.3355673762034425e-05,116.96553458235502,7.065321684979459e-23,19.494255763725835
3.0671,0.0014928609672241408,1.3385070899261281e-05,107.2461613116141,7.685283366312282e-21,17.87436021860235
3.0674,0.0015094477890524594,1.394423420973515e-05,101.10206804308669,1.4776549294282363e-19,16.850344673847783
3.0686,0.0015473859392830388,1.3994291739829203e-05,105.45203688526205,1.8233535522385112e-20,17.57533948087701
3.0695,0.0016215640316618587,1.3417294595288865e-05,126.79106359405247,6.087746413751996e-25,21.13184393234208
3.0704,0.0017305705293970506,1.194546337849216e-05,169.38281669858003,6.079843420025702e-34,28.230469449763337
3.0716,0.0018794496205309823,1.476234161244136e-05,141.68412901608278,4.420730567070066e-28,23.614021502680462
3.072,0.0019165639303062247,1.2753237759456166e-05,225.85977261991582,5.85399467925597e-46,37.643295436652636
3.0723,0.001967994392650041,1.5668537590963397e-05,136.8465416184793,4.6368313634329926e-27,22.807756936413217
3.0726,0.0020183919067202193,1.8083103790718664e-05,123.73304656495002,2.6768811370164156e-24,20.622174427491668
3.0728,0.0020424744150231706,1.6951643388786113e-05,124.67983545338511,1.6925868406434527e-24,20.779972575564184
3.0731,0.002109934973742009,1.78214070431736e-05,138.77190410318542,1.8200928295559197e-27,23.128650683864237
3.0733,0.00211785111064584,1.8885585049588483e-05,107.4769181195295,6.876759293408373e-21,17.91281968658825
3.0735,0.0021558178949078466,1.6952455315277428e-05,148.79974417566538,1.3878217993922534e-29,24.799957362610897
3.0738,0.002199846434447432,1.8036588656878984e-05,157.74254891992726,1.7801640500734766e-31,26.290424819987877
3.074,0.002219557161768889,1.71231205843037e-05,162.8388374857233,1.482821067014029e-32,27.13980624762055
3.0746,0.002293468637530627,1.6338233527102375e-05,170.25706670010527,3.967074557251828e-34,28.37617778335088
3.0749,0.0023293134951107024,1.7879594203779116e-05,142.89181431910768,2.4576340772985667e-28,23.815302386517946
3.0754,0.0024250405527305443,1.745034522539785e-05,177.3634450650083,1.2315417513893238e-35,29.560574177501383
3.0759,0.002472484891455171,1.8012361556082064e-05,192.78788448218344,6.49714370853162e-39,32.13131408036391
3.0765,0.0025481020016296946,1.8540061641211946e-05,167.23046392503957,1.7389772975242434e-33,27.871743987506594
3.0775,0.00260152460456457,1.5367904817752407e-05,269.2759122971951,3.0990934606231998e-55,44.87931871619918
3.0795,0.0027018184200782135,2.433059855473948e-05,102.84716488426321,6.385623367353454e-20,17.141194147377202
3.0815,0.0026042466262543953,1.8853478969800332e-05,195.06779969883334,2.1269220532359927e-39,32.511299949805554
3.0824,0.002542441683512691,1.7752648302660577e-05,160.39116928741578,4.893288445400873e-32,26.73186154790263
3.0831,0.0024958409278503547,1.831257736455207e-05,160.06331384808263,5.741674918535766e-32,26.67721897468044
3.0846,0.002350316909402287,1.810184260979486e-05,151.42982199750725,3.856872828085086e-30,25.23830366625121
3.0855,0.002273653514197124,1.9458764746673088e-05,130.27944143841015,1.1224647852370406e-25,21.713240239735025
3.0875,0.0021542961292606794,1.6404298001244403e-05,190.58767139325994,1.9082128189043088e-38,31.764611898876655
3.0885,0.002111332925416728,1.5841914759031757e-05,155.55032085368674,5.181978107693101e-31,25.925053475614458
3.0895,0.0021036307045051304,1.6120155318191036e-05,149.13010205837622,1.1816743546933748e-29,24.85501700972937
3.0905,0.002088816313548765,1.579136272747476e-05,169.5081513653997,5.718882982887682e-34,28.25135856089995
3.0915,0.0021211038416460997,1.786116234244372e-05,146.85372401095316,3.5778886759418887e-29,24.475620668492194
3.0925,0.0021252823873630314,1.6496014395194685e-05,152.50436143983413,2.285403803478238e-30,25.417393573305688
3.0936,0.0021800395525678035,1.73785228314922e-05,141.452025468944,4.948695520320109e-28,23.57533757815733
3.0946,0.002191090022241725,1.7410533534379313e-05,146.72527134336596,3.8086427059171954e-29,24.454211890560995
3.0955,0.0021926124572789973,1.7977908739166633e-05,129.63520279024553,1.5340083819275315e-25,21.605867131707587
3.0975,0.002207410058563379,1.707608726300307e-05,147.5824117113304,2.5097773272824335e-29,24.597068618555067
3.0991,0.0023171894580084947,2.126691287709601e-05,112.26045254416938,6.851527351846744e-22,18.71007542402823
3.0994,0.002390826570914302,1.6263756184482554e-05,201.71242133116797,8.197683293287011e-41,33.618736888528
3.1001,0.002704987900023763,1.9810381348402653e-05,170.86318107185258,2.95056234618356e-34,28.477196845308764
3.1008,0.0032495819623448354,2.0142893366971282e-05,214.8379052230788,1.3114719104667959e-43,35.8063175371798
3.101,0.0033861526094045033,2.300595043702881e-05,183.8484121789119,5.165383338043769e-37,30.64140202981865
3.1012,0.0035315160863965563,2.0083595871650826e-05,291.4649180521998,5.511118855838281e-60,48.577486342033296
3.1016,0.0034608490576677644,2.2565053456819166e-05,229.90307845605113,8.030381329002409e-47,38.31717974267519
3.1018,0.003380471229517624,2.2710543978061114e-05,239.3363726784029,7.779513049402106e-49,39.889395446400485
3.102,0.003234555078716635,2.2450146180751697e-05,177.01633871972604,1.4592846087094848e-35,29.50272311995434
3.1022,0.003059363809869764,2.3299842312736834e-05,144.4544101084797,1.1495273441261225e-28,24.07573501807995
3.1025,0.002839602895618612,2.295169292523375e-05,126.9578916624185,5.615060202817708e-25,21.159648610403085
3.103,0.002495668388856414,1.8558270518087143e-05,165.1102570824532,4.894875518872794e-33,27.518376180408865
3.1035,0.0022422337403981826,1.807598908437242e-05,155.10425409515352,6.4401420099151555e-31,25.85070901585892
3.104,0.0021151449010972457,1.7827462628021592e-05,110.3146618672444,1.751443572906537e-21,18.385776977874066
3.1046,0.0019724932637349844,1.4762011451296944e-05,148.08003865834925,1.969977032593314e-29,24.680006443058208
3.1049,0.0019339115108342657,1.5653954800493837e-05,144.57720542512175,1.0828853380006611e-28,24.096200904186958
3.1054,0.0018279507654289857,1.5728126228522158e-05,128.91620486753655,2.173701836060851e-25,21.486034144589425
3.1061,0.001756585607344396,1.7348090750175492e-05,84.98975367730976,3.317303451830669e-16,14.164958946218293
3.1066,0.0017344370097262768,1.7410088326683645e-05,75.0756255989378,3.703151603932943e-14,12.512604266489634
3.107,0.0016869457186959697,1.7651874898167877e-05,94.51834367022096,3.4827205084483675e-18,15.753057278370159
3.1073,0.0016752950367183415,1.814980496405088e-05,89.03965217818849,4.7958537672823843e-17,14.839942029698081
3.1115,0.0015060804923802446,1.8331520090496956e-05,69.92897265418668,4.2283398830740563e-13,11.65482877569778
3.1151,0.001445060526878387,1.7432644015091806e-05,63.15740643453839,1.0251561649699391e-11,10.526234405756398
3.1195,0.0014346311962083259,1.728340639246435e-05,66.59159063739419,2.0400492959800735e-12,11.098598439565698
3.1235,0.001448290462418483,1.6904534136603033e-05,63.36587931281226,9.295928002069234e-12,10.56097988546871
3.1344,0.0014166999447928028,1.2525223686043009e-05,99.09162700527806,3.8818337626757435e-19,16.51527116754634
3.1384,0.001368716255488646,1.2846101672778888e-05,100.67628863106464,1.8131627170726193e-19,16.77938143851077
3.1422,0.0013503361893156198,1.2141812736685306e-05,103.86449103751536,3.914514947989357e-20,17.310748506252562
3.1471,0.0013326387185334972,1.5497357332846686e-05,66.48029225441665,2.1498069401329223e-12,11.080048709069443
3.1515,0.0013144527251267729,1.4866801789297027e-05,72.49689889049634,1.2560234125228952e-13,12.08281648174939
3.1565,0.0013104708131665393,1.2802792837501464e-05,85.26399752243245,2.9104924170017906e-16,14.210666253738742
3.1573,0.0013192840925927796,1.3985535141729208e-05,40.04635826566901,4.460587806430333e-07,6.674393044278168
3.1579,0.001331774078550408,1.063552418694413e-05,112.06829155629589,7.517147415361848e-22,18.67804859271598
3.1584,0.0013284357543381117,1.3487908868596704e-05,80.41143381171587,2.93778268275941e-15,13.401905635285978
3.1593,0.00132866747612065,1.6372877874772793e-05,50.984435927420115,2.983289544895913e-09,8.497405987903353
3.1604,0.0013428643524637095,1.3311595094863144e-05,63.831015020229636,7.472105295224643e-12,10.638502503371607
3.1612,0.0013446961549977066,8.78293953456785e-06,167.79502906503242,1.3200567446958986e-33,27.965838177505404
3.162,0.001354031167573921,1.250505763878037e-05,78.15374312431663,8.593265893720279e-15,13.025623854052773
3.1627,0.001349925008441913,1.11924201708833e-05,100.86692855101552,1.654437855861638e-19,16.811154758502585
3.1634,0.001363589287578524,9.404205652646293e-06,168.5889658321037,8.958654583310475e-34,28.098160972017283
3.1648,0.0013533179558159214,9.01280351661786e-06,150.40094006213445,6.365183403237821e-30,25.066823343689077
3.1661,0.0013834010569440584,1.3033081141539961e-05,75.82286231655347,2.5982790935627154e-14,12.637143719425579
3.1671,0.0013751235176364485,1.2551627527925825e-05,102.2479183465247,8.51826709852305e-20,17.041319724420784
3.1684,0.0013946959776499662,1.18475088434809e-05,106.94422136812776,8.888370425914751e-21,17.82403689468796
3.1699,0.0014166617411415405,1.2908932505096374e-05,119.52947397071055,2.0459516588848766e-23,19.921578995118427
3.1723,0.0014399422306639992,1.5010973344632897e-05,69.55661305329043,5.041062569278679e-13,11.592768842215072
3.1733,0.0014653915518935935,1.1788884959912623e-05,131.73245548660714,5.548064750356905e-26,21.955409247767857
3.1743,0.0014804200431055633,1.5128282241812165e-05,100.79319729589088,1.7141090065836575e-19,16.798866215981814
3.1768,0.0015160228402038205,1.3766333046726592e-05,104.98032934827083,2.2881303576159307e-20,17.496721558045138
3.1776,0.0015999432219863973,1.841673595758372e-05,63.48972909414946,8.770851349294229e-12,10.581621515691577
3.1834,0.0016870801492159732,8.814432228698207e-06,308.3294966827795,1.3417594307291103e-63,51.388249447129915
3.1893,0.0016992067071518694,6.788217907713285e-06,479.57798007525673,2.1048228535284346e-100,79.92966334587612
3.1915,0.001730915471935321,9.774968761183933e-06,266.6671924428718,1.1202585356815932e-54,44.44453207381196
3.1934,0.0017482425984714433,1.820172632508753e-05,82.89599827317527,9.000944906360394e-16,13.815999712195877
3.1944,0.0017887665580464192,2.123160515076416e-05,55.843931220220185,3.13032125049848e-10,9.307321870036697
3.1954,0.0017765777656647695,1.9240269293854393e-05,73.7421994678662,6.965838236973288e-14,12.2903665779777
3.1965,0.001790875958665066,1.9740040858262636e-05,57.17143480563193,1.6865948086660575e-10,9.528572467605322
3.1971,0.0018040417709563965,1.3674665814385976e-05,129.67890328474573,1.5018499077349145e-25,21.61315054745762
3.1982,0.0018538398101229307,2.0668155495722817e-05,62.16989090095457,1.62919850782408e-11,10.361648483492429
